-- MySQL dump 10.13  Distrib 5.1.73, for debian-linux-gnu (x86_64)
--
-- Host: localhost    Database: yidingbao
-- ------------------------------------------------------
-- Server version	5.1.73-1

/*!40101 SET @OLD_CHARACTER_SET_CLIENT=@@CHARACTER_SET_CLIENT */;
/*!40101 SET @OLD_CHARACTER_SET_RESULTS=@@CHARACTER_SET_RESULTS */;
/*!40101 SET @OLD_COLLATION_CONNECTION=@@COLLATION_CONNECTION */;
/*!40101 SET NAMES utf8 */;
/*!40103 SET @OLD_TIME_ZONE=@@TIME_ZONE */;
/*!40103 SET TIME_ZONE='+00:00' */;
/*!40014 SET @OLD_UNIQUE_CHECKS=@@UNIQUE_CHECKS, UNIQUE_CHECKS=0 */;
/*!40014 SET @OLD_FOREIGN_KEY_CHECKS=@@FOREIGN_KEY_CHECKS, FOREIGN_KEY_CHECKS=0 */;
/*!40101 SET @OLD_SQL_MODE=@@SQL_MODE, SQL_MODE='NO_AUTO_VALUE_ON_ZERO' */;
/*!40111 SET @OLD_SQL_NOTES=@@SQL_NOTES, SQL_NOTES=0 */;

--
-- Table structure for table `指引店仓`
--

DROP TABLE IF EXISTS `指引店仓`;
/*!40101 SET @saved_cs_client     = @@character_set_client */;
/*!40101 SET character_set_client = utf8 */;
CREATE TABLE `指引店仓` (
  `id` int(11) NOT NULL AUTO_INCREMENT,
  `guide_id` int(11) NOT NULL,
  `user_id` int(11) NOT NULL,
  PRIMARY KEY (`id`),
  KEY `指引店仓_d2a7edf5` (`guide_id`),
  KEY `指引店仓_6340c63c` (`user_id`)
) ENGINE=InnoDB DEFAULT CHARSET=utf8;
/*!40101 SET character_set_client = @saved_cs_client */;

--
-- Dumping data for table `指引店仓`
--

LOCK TABLES `指引店仓` WRITE;
/*!40000 ALTER TABLE `指引店仓` DISABLE KEYS */;
/*!40000 ALTER TABLE `指引店仓` ENABLE KEYS */;
UNLOCK TABLES;

--
-- Table structure for table `adminclient_document`
--

DROP TABLE IF EXISTS `adminclient_document`;
/*!40101 SET @saved_cs_client     = @@character_set_client */;
/*!40101 SET character_set_client = utf8 */;
CREATE TABLE `adminclient_document` (
  `id` int(11) NOT NULL AUTO_INCREMENT,
  `file` varchar(100) NOT NULL,
  PRIMARY KEY (`id`)
) ENGINE=InnoDB AUTO_INCREMENT=33 DEFAULT CHARSET=utf8;
/*!40101 SET character_set_client = @saved_cs_client */;

--
-- Dumping data for table `adminclient_document`
--

LOCK TABLES `adminclient_document` WRITE;
/*!40000 ALTER TABLE `adminclient_document` DISABLE KEYS */;
INSERT INTO `adminclient_document` VALUES (1,'uploaded/2014-03-04/待上传货品_1.xlsx'),(2,'uploadedfile/待上传货品.xlsx'),(3,'uploadedfile/待上传货品_1.xlsx'),(4,'uploadedfile/待上传货品_2.xlsx'),(5,'uploadedfile/待上传货品_3.xlsx'),(6,'uploadedfile/待上传货品_4.xlsx'),(7,'uploadedfile/待上传货品_5.xlsx'),(8,'uploadedfile/待上传货品_6.xlsx'),(9,'uploadedfile/待上传货品_7.xlsx'),(10,'uploadedfile/待上传货品_8.xlsx'),(11,'uploadedfile/待上传货品_9.xlsx'),(12,'uploadedfile/待上传货品_10.xlsx'),(13,'uploadedfile/待上传货品_11.xlsx'),(14,'uploadedfile/待上传货品_12.xlsx'),(15,'uploadedfile/待上传货品_13.xlsx'),(16,'uploadedfile/待上传货品_14.xlsx'),(17,'uploadedfile/待上传货品_15.xlsx'),(18,'uploadedfile/待上传货品_16.xlsx'),(19,'uploadedfile/待上传货品_17.xlsx'),(20,'uploadedfile/待上传货品_18.xlsx'),(21,'uploadedfile/待上传货品_19.xlsx'),(22,'uploadedfile/待上传货品_20.xlsx'),(23,'uploadedfile/待上传货品_21.xlsx'),(24,'uploadedfile/待上传货品_22.xlsx'),(25,'uploadedfile/待上传货品_23.xlsx'),(26,'uploadedfile/待上传货品_24.xlsx'),(27,'uploadedfile/待上传货品_25.xlsx'),(28,'uploadedfile/待上传货品_25.xlsx'),(29,'uploadedfile/待上传货品.xlsx'),(30,'uploadedfile/待上传货品_1.xlsx'),(31,'uploadedfile/待上传货品_2.xlsx'),(32,'uploadedfile/待上传货品_7.xlsx');
/*!40000 ALTER TABLE `adminclient_document` ENABLE KEYS */;
UNLOCK TABLES;

--
-- Table structure for table `adminclient_matchproduct`
--

DROP TABLE IF EXISTS `adminclient_matchproduct`;
/*!40101 SET @saved_cs_client     = @@character_set_client */;
/*!40101 SET character_set_client = utf8 */;
CREATE TABLE `adminclient_matchproduct` (
  `id` int(11) NOT NULL AUTO_INCREMENT,
  `match_id` int(11) NOT NULL,
  `product_id` int(11) NOT NULL,
  PRIMARY KEY (`id`),
  KEY `adminclient_matchproduct_5dfede35` (`match_id`),
  KEY `adminclient_matchproduct_7f1b40ad` (`product_id`)
) ENGINE=InnoDB AUTO_INCREMENT=37 DEFAULT CHARSET=utf8;
/*!40101 SET character_set_client = @saved_cs_client */;

--
-- Dumping data for table `adminclient_matchproduct`
--

LOCK TABLES `adminclient_matchproduct` WRITE;
/*!40000 ALTER TABLE `adminclient_matchproduct` DISABLE KEYS */;
INSERT INTO `adminclient_matchproduct` VALUES (1,4,8),(2,4,9),(3,4,12),(8,3,3),(11,2,4),(12,2,5),(14,8,1),(15,8,2),(16,8,16),(17,9,3),(18,9,4),(19,1,1),(20,1,2),(21,1,3),(22,3,5),(23,3,6),(30,3,8),(31,3,9),(32,10,9),(33,10,10),(34,10,17),(35,11,17),(36,11,19);
/*!40000 ALTER TABLE `adminclient_matchproduct` ENABLE KEYS */;
UNLOCK TABLES;

--
-- Table structure for table `adminclient_orderguideuser`
--

DROP TABLE IF EXISTS `adminclient_orderguideuser`;
/*!40101 SET @saved_cs_client     = @@character_set_client */;
/*!40101 SET character_set_client = utf8 */;
CREATE TABLE `adminclient_orderguideuser` (
  `id` int(11) NOT NULL AUTO_INCREMENT,
  `guide_id` int(11) NOT NULL,
  `user_id` int(11) NOT NULL,
  PRIMARY KEY (`id`),
  KEY `adminclient_orderguideuser_d2a7edf5` (`guide_id`),
  KEY `adminclient_orderguideuser_6340c63c` (`user_id`)
) ENGINE=InnoDB DEFAULT CHARSET=utf8;
/*!40101 SET character_set_client = @saved_cs_client */;

--
-- Dumping data for table `adminclient_orderguideuser`
--

LOCK TABLES `adminclient_orderguideuser` WRITE;
/*!40000 ALTER TABLE `adminclient_orderguideuser` DISABLE KEYS */;
/*!40000 ALTER TABLE `adminclient_orderguideuser` ENABLE KEYS */;
UNLOCK TABLES;

--
-- Table structure for table `adminclient_placedisplayproduct`
--

DROP TABLE IF EXISTS `adminclient_placedisplayproduct`;
/*!40101 SET @saved_cs_client     = @@character_set_client */;
/*!40101 SET character_set_client = utf8 */;
CREATE TABLE `adminclient_placedisplayproduct` (
  `id` int(11) NOT NULL AUTO_INCREMENT,
  `place_id` int(11) NOT NULL,
  `product_id` int(11) NOT NULL,
  PRIMARY KEY (`id`),
  KEY `adminclient_placedisplayproduct_ea3591c8` (`place_id`),
  KEY `adminclient_placedisplayproduct_7f1b40ad` (`product_id`)
) ENGINE=InnoDB AUTO_INCREMENT=7 DEFAULT CHARSET=utf8;
/*!40101 SET character_set_client = @saved_cs_client */;

--
-- Dumping data for table `adminclient_placedisplayproduct`
--

LOCK TABLES `adminclient_placedisplayproduct` WRITE;
/*!40000 ALTER TABLE `adminclient_placedisplayproduct` DISABLE KEYS */;
INSERT INTO `adminclient_placedisplayproduct` VALUES (1,1,1),(2,1,4),(3,1,3),(4,2,7),(5,2,10),(6,2,9);
/*!40000 ALTER TABLE `adminclient_placedisplayproduct` ENABLE KEYS */;
UNLOCK TABLES;

--
-- Table structure for table `adminclient_productimage`
--

DROP TABLE IF EXISTS `adminclient_productimage`;
/*!40101 SET @saved_cs_client     = @@character_set_client */;
/*!40101 SET character_set_client = utf8 */;
CREATE TABLE `adminclient_productimage` (
  `id` int(11) NOT NULL AUTO_INCREMENT,
  `product_id` int(11) NOT NULL,
  `image` varchar(100) NOT NULL,
  PRIMARY KEY (`id`),
  KEY `adminclient_productimage_7f1b40ad` (`product_id`)
) ENGINE=InnoDB AUTO_INCREMENT=341 DEFAULT CHARSET=utf8;
/*!40101 SET character_set_client = @saved_cs_client */;

--
-- Dumping data for table `adminclient_productimage`
--

LOCK TABLES `adminclient_productimage` WRITE;
/*!40000 ALTER TABLE `adminclient_productimage` DISABLE KEYS */;
INSERT INTO `adminclient_productimage` VALUES (1,111,'products/111/aa.jpg'),(2,111,'products/111/ff.jpg'),(4,1,'products/1/aa.jpg'),(5,1,'products/1/ff.jpg'),(6,1,'products/1/logo.jpg'),(7,2,'products/2/aa.jpg'),(8,2,'products/2/ff.jpg'),(9,2,'products/2/logo.jpg'),(10,3,'products/3/aa.jpg'),(11,3,'products/3/ff.jpg'),(12,3,'products/3/logo.jpg'),(13,4,'products/4/aa.jpg'),(14,4,'products/4/ff.jpg'),(15,4,'products/4/logo.jpg'),(16,5,'products/5/aa.jpg'),(17,5,'products/5/ff.jpg'),(18,5,'products/5/logo.jpg'),(19,6,'products/6/aa.jpg'),(20,6,'products/6/ff.jpg'),(21,6,'products/6/logo.jpg'),(22,7,'products/7/aa.jpg'),(23,7,'products/7/ff.jpg'),(24,7,'products/7/logo.jpg'),(25,8,'products/8/aa.jpg'),(26,8,'products/8/ff.jpg'),(27,8,'products/8/logo.jpg'),(28,9,'products/9/aa.jpg'),(29,9,'products/9/ff.jpg'),(30,9,'products/9/logo.jpg'),(31,10,'products/10/aa.jpg'),(32,10,'products/10/ff.jpg'),(33,10,'products/10/logo.jpg'),(34,11,'products/11/aa.jpg'),(35,11,'products/11/ff.jpg'),(36,11,'products/11/logo.jpg'),(37,12,'products/12/aa.jpg'),(38,12,'products/12/ff.jpg'),(39,12,'products/12/logo.jpg'),(40,13,'products/13/aa.jpg'),(41,13,'products/13/ff.jpg'),(42,13,'products/13/logo.jpg'),(43,14,'products/14/aa.jpg'),(44,14,'products/14/ff.jpg'),(45,14,'products/14/logo.jpg'),(46,15,'products/15/aa.jpg'),(47,15,'products/15/ff.jpg'),(48,15,'products/15/logo.jpg'),(49,16,'products/16/aa.jpg'),(50,16,'products/16/ff.jpg'),(51,16,'products/16/logo.jpg'),(52,17,'products/17/aa.jpg'),(53,17,'products/17/ff.jpg'),(54,17,'products/17/logo.jpg'),(55,18,'products/18/aa.jpg'),(56,18,'products/18/ff.jpg'),(57,18,'products/18/logo.jpg'),(58,19,'products/19/aa.jpg'),(59,19,'products/19/ff.jpg'),(60,19,'products/19/logo.jpg'),(61,20,'products/20/aa.jpg'),(62,20,'products/20/ff.jpg'),(63,20,'products/20/logo.jpg'),(64,21,'products/21/aa.jpg'),(65,21,'products/21/ff.jpg'),(66,21,'products/21/logo.jpg'),(67,22,'products/22/aa.jpg'),(68,22,'products/22/ff.jpg'),(69,22,'products/22/logo.jpg'),(70,23,'products/23/aa.jpg'),(71,23,'products/23/ff.jpg'),(72,23,'products/23/logo.jpg'),(73,24,'products/24/aa.jpg'),(74,24,'products/24/ff.jpg'),(75,24,'products/24/logo.jpg'),(76,25,'products/25/aa.jpg'),(77,25,'products/25/ff.jpg'),(78,25,'products/25/logo.jpg'),(79,26,'products/26/aa.jpg'),(80,26,'products/26/ff.jpg'),(81,26,'products/26/logo.jpg'),(82,27,'products/27/aa.jpg'),(83,27,'products/27/ff.jpg'),(84,27,'products/27/logo.jpg'),(85,28,'products/28/aa.jpg'),(86,28,'products/28/ff.jpg'),(87,28,'products/28/logo.jpg'),(88,29,'products/29/aa.jpg'),(89,29,'products/29/ff.jpg'),(90,29,'products/29/logo.jpg'),(91,30,'products/30/aa.jpg'),(92,30,'products/30/ff.jpg'),(93,30,'products/30/logo.jpg'),(94,31,'products/31/aa.jpg'),(95,31,'products/31/ff.jpg'),(96,31,'products/31/logo.jpg'),(97,32,'products/32/aa.jpg'),(98,32,'products/32/ff.jpg'),(99,32,'products/32/logo.jpg'),(100,33,'products/33/aa.jpg'),(101,33,'products/33/ff.jpg'),(102,33,'products/33/logo.jpg'),(103,34,'products/34/aa.jpg'),(104,34,'products/34/ff.jpg'),(105,34,'products/34/logo.jpg'),(106,35,'products/35/aa.jpg'),(107,35,'products/35/ff.jpg'),(108,35,'products/35/logo.jpg'),(109,36,'products/36/aa.jpg'),(110,36,'products/36/ff.jpg'),(111,36,'products/36/logo.jpg'),(112,37,'products/37/aa.jpg'),(113,37,'products/37/ff.jpg'),(114,37,'products/37/logo.jpg'),(115,38,'products/38/aa.jpg'),(116,38,'products/38/ff.jpg'),(117,38,'products/38/logo.jpg'),(118,39,'products/39/aa.jpg'),(119,39,'products/39/ff.jpg'),(120,39,'products/39/logo.jpg'),(121,40,'products/40/aa.jpg'),(122,40,'products/40/ff.jpg'),(123,40,'products/40/logo.jpg'),(124,41,'products/41/aa.jpg'),(125,41,'products/41/ff.jpg'),(126,41,'products/41/logo.jpg'),(127,42,'products/42/aa.jpg'),(128,42,'products/42/ff.jpg'),(129,42,'products/42/logo.jpg'),(130,43,'products/43/aa.jpg'),(131,43,'products/43/ff.jpg'),(132,43,'products/43/logo.jpg'),(133,44,'products/44/aa.jpg'),(134,44,'products/44/ff.jpg'),(135,44,'products/44/logo.jpg'),(136,45,'products/45/aa.jpg'),(137,45,'products/45/ff.jpg'),(138,45,'products/45/logo.jpg'),(139,46,'products/46/aa.jpg'),(140,46,'products/46/ff.jpg'),(141,46,'products/46/logo.jpg'),(142,47,'products/47/aa.jpg'),(143,47,'products/47/ff.jpg'),(144,47,'products/47/logo.jpg'),(145,48,'products/48/aa.jpg'),(146,48,'products/48/ff.jpg'),(147,48,'products/48/logo.jpg'),(148,49,'products/49/aa.jpg'),(149,49,'products/49/ff.jpg'),(150,49,'products/49/logo.jpg'),(151,50,'products/50/aa.jpg'),(152,50,'products/50/ff.jpg'),(153,50,'products/50/logo.jpg'),(154,51,'products/51/aa.jpg'),(155,51,'products/51/ff.jpg'),(156,51,'products/51/logo.jpg'),(157,52,'products/52/aa.jpg'),(158,52,'products/52/ff.jpg'),(159,52,'products/52/logo.jpg'),(160,53,'products/53/aa.jpg'),(161,53,'products/53/ff.jpg'),(162,53,'products/53/logo.jpg'),(163,54,'products/54/aa.jpg'),(164,54,'products/54/ff.jpg'),(165,54,'products/54/logo.jpg'),(166,55,'products/55/aa.jpg'),(167,55,'products/55/ff.jpg'),(168,55,'products/55/logo.jpg'),(169,56,'products/56/aa.jpg'),(170,56,'products/56/ff.jpg'),(171,56,'products/56/logo.jpg'),(172,57,'products/57/aa.jpg'),(173,57,'products/57/ff.jpg'),(174,57,'products/57/logo.jpg'),(175,58,'products/58/aa.jpg'),(176,58,'products/58/ff.jpg'),(177,58,'products/58/logo.jpg'),(178,59,'products/59/aa.jpg'),(179,59,'products/59/ff.jpg'),(180,59,'products/59/logo.jpg'),(181,60,'products/60/aa.jpg'),(182,60,'products/60/ff.jpg'),(183,60,'products/60/logo.jpg'),(184,61,'products/61/aa.jpg'),(185,61,'products/61/ff.jpg'),(186,61,'products/61/logo.jpg'),(187,62,'products/62/aa.jpg'),(188,62,'products/62/ff.jpg'),(189,62,'products/62/logo.jpg'),(190,63,'products/63/aa.jpg'),(191,63,'products/63/ff.jpg'),(192,63,'products/63/logo.jpg'),(193,64,'products/64/aa.jpg'),(194,64,'products/64/ff.jpg'),(195,64,'products/64/logo.jpg'),(196,65,'products/65/aa.jpg'),(197,65,'products/65/ff.jpg'),(198,65,'products/65/logo.jpg'),(199,66,'products/66/aa.jpg'),(200,66,'products/66/ff.jpg'),(201,66,'products/66/logo.jpg'),(202,67,'products/67/aa.jpg'),(203,67,'products/67/ff.jpg'),(204,67,'products/67/logo.jpg'),(205,68,'products/68/aa.jpg'),(206,68,'products/68/ff.jpg'),(207,68,'products/68/logo.jpg'),(208,69,'products/69/aa.jpg'),(209,69,'products/69/ff.jpg'),(210,69,'products/69/logo.jpg'),(211,70,'products/70/aa.jpg'),(212,70,'products/70/ff.jpg'),(213,70,'products/70/logo.jpg'),(214,71,'products/71/aa.jpg'),(215,71,'products/71/ff.jpg'),(216,71,'products/71/logo.jpg'),(217,72,'products/72/aa.jpg'),(218,72,'products/72/ff.jpg'),(219,72,'products/72/logo.jpg'),(220,73,'products/73/aa.jpg'),(221,73,'products/73/ff.jpg'),(222,73,'products/73/logo.jpg'),(223,74,'products/74/aa.jpg'),(224,74,'products/74/ff.jpg'),(225,74,'products/74/logo.jpg'),(226,75,'products/75/aa.jpg'),(227,75,'products/75/ff.jpg'),(228,75,'products/75/logo.jpg'),(229,76,'products/76/aa.jpg'),(230,76,'products/76/ff.jpg'),(231,76,'products/76/logo.jpg'),(232,77,'products/77/aa.jpg'),(233,77,'products/77/ff.jpg'),(234,77,'products/77/logo.jpg'),(235,78,'products/78/aa.jpg'),(236,78,'products/78/ff.jpg'),(237,78,'products/78/logo.jpg'),(238,79,'products/79/aa.jpg'),(239,79,'products/79/ff.jpg'),(240,79,'products/79/logo.jpg'),(241,80,'products/80/aa.jpg'),(242,80,'products/80/ff.jpg'),(243,80,'products/80/logo.jpg'),(244,81,'products/81/aa.jpg'),(245,81,'products/81/ff.jpg'),(246,81,'products/81/logo.jpg'),(247,82,'products/82/aa.jpg'),(248,82,'products/82/ff.jpg'),(249,82,'products/82/logo.jpg'),(250,83,'products/83/aa.jpg'),(251,83,'products/83/ff.jpg'),(252,83,'products/83/logo.jpg'),(253,84,'products/84/aa.jpg'),(254,84,'products/84/ff.jpg'),(255,84,'products/84/logo.jpg'),(256,85,'products/85/aa.jpg'),(257,85,'products/85/ff.jpg'),(258,85,'products/85/logo.jpg'),(259,86,'products/86/aa.jpg'),(260,86,'products/86/ff.jpg'),(261,86,'products/86/logo.jpg'),(262,87,'products/87/aa.jpg'),(263,87,'products/87/ff.jpg'),(264,87,'products/87/logo.jpg'),(265,88,'products/88/aa.jpg'),(266,88,'products/88/ff.jpg'),(267,88,'products/88/logo.jpg'),(268,89,'products/89/aa.jpg'),(269,89,'products/89/ff.jpg'),(270,89,'products/89/logo.jpg'),(271,90,'products/90/aa.jpg'),(272,90,'products/90/ff.jpg'),(273,90,'products/90/logo.jpg'),(274,91,'products/91/aa.jpg'),(275,91,'products/91/ff.jpg'),(276,91,'products/91/logo.jpg'),(277,92,'products/92/aa.jpg'),(278,92,'products/92/ff.jpg'),(279,92,'products/92/logo.jpg'),(280,93,'products/93/aa.jpg'),(281,93,'products/93/ff.jpg'),(282,93,'products/93/logo.jpg'),(283,94,'products/94/aa.jpg'),(284,94,'products/94/ff.jpg'),(285,94,'products/94/logo.jpg'),(286,95,'products/95/aa.jpg'),(287,95,'products/95/ff.jpg'),(288,95,'products/95/logo.jpg'),(289,96,'products/96/aa.jpg'),(290,96,'products/96/ff.jpg'),(291,96,'products/96/logo.jpg'),(292,97,'products/97/aa.jpg'),(293,97,'products/97/ff.jpg'),(294,97,'products/97/logo.jpg'),(295,98,'products/98/aa.jpg'),(296,98,'products/98/ff.jpg'),(297,98,'products/98/logo.jpg'),(298,99,'products/99/aa.jpg'),(299,99,'products/99/ff.jpg'),(300,99,'products/99/logo.jpg'),(301,100,'products/100/aa.jpg'),(302,100,'products/100/ff.jpg'),(303,100,'products/100/logo.jpg'),(304,101,'products/101/aa.jpg'),(305,101,'products/101/ff.jpg'),(306,101,'products/101/logo.jpg'),(307,102,'products/102/aa.jpg'),(308,102,'products/102/ff.jpg'),(309,102,'products/102/logo.jpg'),(310,103,'products/103/aa.jpg'),(311,103,'products/103/ff.jpg'),(312,103,'products/103/logo.jpg'),(313,104,'products/104/aa.jpg'),(314,104,'products/104/ff.jpg'),(315,104,'products/104/logo.jpg'),(316,105,'products/105/psu.jpg'),(317,105,'products/105/ff.jpg'),(318,105,'products/105/IMG20131231105851.jpg'),(319,106,'products/106/aa.jpg'),(320,106,'products/106/ff.jpg'),(321,106,'products/106/IMG20131231105851.jpg'),(322,107,'products/107/aa.jpg'),(323,107,'products/107/ff.jpg'),(324,107,'products/107/IMG20131231105841.jpg'),(325,108,'products/108/aa.jpg'),(326,108,'products/108/ff.jpg'),(327,108,'products/108/IMG20131231105851.jpg'),(329,111,'products/111/IMG20131231105828.jpg'),(332,109,'products/109/aa.jpg'),(333,109,'products/109/IMG20131231105654.jpg'),(334,109,'products/109/IMG20131231105948.jpg'),(335,110,'products/110/IMG20131231105948.jpg'),(336,110,'products/110/IMG20131231105841.jpg'),(337,110,'products/110/IMG20131231105904.jpg'),(338,112,'products/112/IMG20131231105841.jpg'),(339,112,'products/112/IMG20131231105904.jpg'),(340,112,'products/112/IMG20131231105828.jpg');
/*!40000 ALTER TABLE `adminclient_productimage` ENABLE KEYS */;
UNLOCK TABLES;

--
-- Table structure for table `all_orders`
--

DROP TABLE IF EXISTS `all_orders`;
/*!40101 SET @saved_cs_client     = @@character_set_client */;
/*!40101 SET character_set_client = utf8 */;
CREATE TABLE `all_orders` (
  `CustomerId` int(11) NOT NULL COMMENT '买家编号',
  `ProductId` int(11) NOT NULL COMMENT '货品编号',
  `ProductType` varchar(20) NOT NULL COMMENT '货品款别 取值有：必定款，推广款，普通款',
  `ProductSerial` varchar(20) NOT NULL COMMENT '货品系列 取值有：办公，家具，装饰，收藏',
  `ProductClass` varchar(45) NOT NULL,
  `ProductName` varchar(20) NOT NULL COMMENT '货品名称',
  `ProductPrice` int(11) NOT NULL COMMENT '货品单价',
  `UserOrderNumber` int(11) NOT NULL COMMENT '订货的件数',
  `UserOrderAmount` int(11) NOT NULL COMMENT '订货金额',
  `UserOrderDetails` varchar(500) NOT NULL COMMENT '订货详情 取值有：花梨色+直径80：30，花梨色+直径90:60',
  `ProductCode` varchar(45) NOT NULL,
  `Id` int(11) NOT NULL AUTO_INCREMENT,
  `Mucai` varchar(10) NOT NULL,
  PRIMARY KEY (`Id`),
  UNIQUE KEY `IDX_allorders_CustomerId_ProductId` (`CustomerId`,`ProductId`),
  KEY `IDX_allorders_ProductSeial` (`ProductSerial`),
  KEY `IDX_allorders_ProductClass` (`ProductClass`),
  KEY `IDX_allorders_ProductType` (`ProductType`),
  KEY `IDX_allorders_CustomerId` (`CustomerId`)
) ENGINE=InnoDB AUTO_INCREMENT=577 DEFAULT CHARSET=utf8 COMMENT='买家1的订单 建立店仓信息时，就为该店仓初始化一张这样的表，店仓提交订单时，只修改这张表的数据，相应的其它表中的数据由服';
/*!40101 SET character_set_client = @saved_cs_client */;

--
-- Dumping data for table `all_orders`
--

LOCK TABLES `all_orders` WRITE;
/*!40000 ALTER TABLE `all_orders` DISABLE KEYS */;
INSERT INTO `all_orders` VALUES (2,7,'必订','运动','裤','裤7',180,80,14400,'红色,S:20||黑色,M:20||白色,L:20||灰色,XL:20','7',1,'秋一波'),(2,8,'必订','运动','裤','裤8',180,80,14400,'红色,S:20||黑色,M:20||白色,L:20||灰色,XL:20','8',2,'秋一波'),(2,9,'必订','运动','裤','裤9',180,80,14400,'红色,S:20||黑色,M:20||白色,L:20||灰色,XL:20','9',3,'秋一波'),(2,10,'必订','运动','裤','裤10',180,80,14400,'红色,S:20||黑色,M:20||白色,L:20||灰色,XL:20','10',4,'秋一波'),(2,11,'必订','运动','裤','裤11',180,80,14400,'红色,S:20||黑色,M:20||白色,L:20||灰色,XL:20','11',5,'秋一波'),(2,12,'必订','运动','裤','裤12',180,80,14400,'红色,S:20||黑色,M:20||白色,L:20||灰色,XL:20','12',6,'秋一波'),(2,13,'必订','运动','裤','裤13',180,80,14400,'红色,S:20||黑色,M:20||白色,L:20||灰色,XL:20','13',7,'秋一波'),(2,14,'必订','运动','裤','裤14',180,80,14400,'红色,S:20||黑色,M:20||白色,L:20||灰色,XL:20','14',8,'秋一波'),(2,15,'必订','运动','裤','裤15',180,80,14400,'红色,S:20||黑色,M:20||白色,L:20||灰色,XL:20','15',9,'秋一波'),(2,16,'必订','度假','上衣','上衣16',180,80,14400,'红色,S:20||黑色,M:20||白色,L:20||灰色,XL:20','16',10,'夏三波'),(2,17,'必订','度假','上衣','上衣17',180,80,14400,'红色,S:20||黑色,M:20||白色,L:20||灰色,XL:20','17',11,'夏三波'),(2,18,'必订','度假','上衣','上衣18',180,80,14400,'红色,S:20||黑色,M:20||白色,L:20||灰色,XL:20','18',12,'夏三波'),(2,19,'必订','度假','上衣','上衣19',180,80,14400,'红色,S:20||黑色,M:20||白色,L:20||灰色,XL:20','19',13,'夏三波'),(2,20,'必订','度假','上衣','上衣20',180,80,14400,'红色,S:20||黑色,M:20||白色,L:20||灰色,XL:20','20',14,'夏三波'),(2,21,'必订','度假','上衣','上衣21',180,80,14400,'红色,S:20||黑色,M:20||白色,L:20||灰色,XL:20','21',15,'夏三波'),(2,22,'必订','度假','上衣','上衣22',180,80,14400,'红色,S:20||黑色,M:20||白色,L:20||灰色,XL:20','22',16,'夏三波'),(2,23,'必订','度假','上衣','上衣23',180,80,14400,'红色,S:20||黑色,M:20||白色,L:20||灰色,XL:20','23',17,'夏三波'),(2,24,'必订','度假','上衣','上衣24',180,80,14400,'红色,S:20||黑色,M:20||白色,L:20||灰色,XL:20','24',18,'夏三波'),(2,25,'必订','度假','上衣','上衣25',180,80,14400,'红色,S:20||黑色,M:20||白色,L:20||灰色,XL:20','25',19,'夏三波'),(2,26,'必订','度假','上衣','上衣26',180,80,14400,'红色,S:20||黑色,M:20||白色,L:20||灰色,XL:20','26',20,'夏三波'),(2,27,'必订','度假','上衣','上衣27',180,80,14400,'红色,S:20||黑色,M:20||白色,L:20||灰色,XL:20','27',21,'夏三波'),(2,28,'必订','度假','上衣','上衣28',180,80,14400,'红色,S:20||黑色,M:20||白色,L:20||灰色,XL:20','28',22,'夏三波'),(2,29,'必订','度假','上衣','上衣29',180,80,14400,'红色,S:20||黑色,M:20||白色,L:20||灰色,XL:20','29',23,'夏三波'),(2,30,'推广','度假','上衣','上衣30',180,80,14400,'红色,S:20||黑色,M:20||白色,L:20||灰色,XL:20','30',24,'夏三波'),(2,31,'推广','度假','上衣','上衣31',180,80,14400,'红色,S:20||黑色,M:20||白色,L:20||灰色,XL:20','31',25,'夏三波'),(2,32,'推广','度假','上衣','上衣32',180,80,14400,'红色,S:20||黑色,M:20||白色,L:20||灰色,XL:20','32',26,'夏三波'),(2,33,'推广','度假','上衣','上衣33',180,80,14400,'红色,S:20||黑色,M:20||白色,L:20||灰色,XL:20','33',27,'夏三波'),(2,34,'必订','度假','上衣','上衣34',180,80,14400,'红色,S:20||黑色,M:20||白色,L:20||灰色,XL:20','34',28,'夏三波'),(2,35,'必订','度假','上衣','上衣35',180,80,14400,'红色,S:20||黑色,M:20||白色,L:20||灰色,XL:20','35',29,'夏三波'),(2,36,'必订','度假','上衣','上衣36',180,80,14400,'红色,S:20||黑色,M:20||白色,L:20||灰色,XL:20','36',30,'夏三波'),(2,37,'必订','度假','上衣','上衣37',180,80,14400,'红色,S:20||黑色,M:20||白色,L:20||灰色,XL:20','37',31,'夏三波'),(2,38,'必订','度假','上衣','上衣38',180,80,14400,'红色,S:20||黑色,M:20||白色,L:20||灰色,XL:20','38',32,'夏三波'),(2,39,'必订','度假','上衣','上衣39',180,80,14400,'红色,S:20||黑色,M:20||白色,L:20||灰色,XL:20','39',33,'夏三波'),(2,40,'必订','度假','上衣','上衣40',180,80,14400,'红色,S:20||黑色,M:20||白色,L:20||灰色,XL:20','40',34,'夏三波'),(2,41,'普通','度假','上衣','上衣41',180,80,14400,'红色,S:20||黑色,M:20||白色,L:20||灰色,XL:20','41',35,'夏三波'),(2,42,'普通','度假','上衣','上衣42',180,80,14400,'红色,S:20||黑色,M:20||白色,L:20||灰色,XL:20','42',36,'夏三波'),(2,43,'普通','度假','上衣','上衣43',180,80,14400,'红色,S:20||黑色,M:20||白色,L:20||灰色,XL:20','43',37,'夏三波'),(2,44,'普通','度假','上衣','上衣44',180,80,14400,'红色,S:20||黑色,M:20||白色,L:20||灰色,XL:20','44',38,'夏三波'),(2,45,'普通','度假','上衣','上衣45',180,80,14400,'红色,S:20||黑色,M:20||白色,L:20||灰色,XL:20','45',39,'夏三波'),(2,46,'普通','度假','上衣','上衣46',180,80,14400,'红色,S:20||黑色,M:20||白色,L:20||灰色,XL:20','46',40,'夏三波'),(2,47,'普通','度假','上衣','上衣47',180,80,14400,'红色,S:20||黑色,M:20||白色,L:20||灰色,XL:20','47',41,'夏三波'),(2,48,'普通','度假','上衣','上衣48',180,80,14400,'红色,S:20||黑色,M:20||白色,L:20||灰色,XL:20','48',42,'夏三波'),(2,49,'普通','度假','上衣','上衣49',180,80,14400,'红色,S:20||黑色,M:20||白色,L:20||灰色,XL:20','49',43,'夏三波'),(2,50,'普通','文艺','裙','裙50',180,80,14400,'红色,S:20||黑色,M:20||白色,L:20||灰色,XL:20','50',44,'秋二波'),(2,51,'普通','文艺','裙','裙51',180,80,14400,'红色,S:20||黑色,M:20||白色,L:20||灰色,XL:20','51',45,'秋二波'),(2,52,'普通','文艺','裙','裙52',180,80,14400,'红色,S:20||黑色,M:20||白色,L:20||灰色,XL:20','52',46,'秋二波'),(2,53,'普通','文艺','裙','裙53',180,80,14400,'红色,S:20||黑色,M:20||白色,L:20||灰色,XL:20','53',47,'秋二波'),(2,54,'普通','文艺','裙','裙54',180,80,14400,'红色,S:20||黑色,M:20||白色,L:20||灰色,XL:20','54',48,'秋二波'),(2,55,'普通','文艺','裙','裙55',180,80,14400,'红色,S:20||黑色,M:20||白色,L:20||灰色,XL:20','55',49,'秋二波'),(2,56,'普通','文艺','裙','裙56',180,80,14400,'红色,S:20||黑色,M:20||白色,L:20||灰色,XL:20','56',50,'秋二波'),(2,57,'普通','文艺','裙','裙57',180,80,14400,'红色,S:20||黑色,M:20||白色,L:20||灰色,XL:20','57',51,'秋二波'),(2,58,'普通','文艺','裙','裙58',180,80,14400,'红色,S:20||黑色,M:20||白色,L:20||灰色,XL:20','58',52,'秋二波'),(2,59,'普通','文艺','裙','裙59',180,80,14400,'红色,S:20||黑色,M:20||白色,L:20||灰色,XL:20','59',53,'秋二波'),(2,60,'必订','文艺','裙','裙60',180,80,14400,'红色,S:20||黑色,M:20||白色,L:20||灰色,XL:20','60',54,'秋二波'),(2,61,'必订','文艺','裙','裙61',180,80,14400,'红色,S:20||黑色,M:20||白色,L:20||灰色,XL:20','61',55,'秋二波'),(2,62,'必订','文艺','裙','裙62',180,80,14400,'红色,S:20||黑色,M:20||白色,L:20||灰色,XL:20','62',56,'秋二波'),(2,63,'必订','文艺','裙','裙63',180,80,14400,'红色,S:20||黑色,M:20||白色,L:20||灰色,XL:20','63',57,'秋二波'),(2,64,'必订','文艺','裙','裙64',180,80,14400,'红色,S:20||黑色,M:20||白色,L:20||灰色,XL:20','64',58,'秋二波'),(2,65,'必订','文艺','裙','裙65',180,80,14400,'红色,S:20||黑色,M:20||白色,L:20||灰色,XL:20','65',59,'秋二波'),(2,66,'必订','文艺','裙','裙66',180,80,14400,'红色,S:20||黑色,M:20||白色,L:20||灰色,XL:20','66',60,'秋二波'),(2,67,'必订','文艺','裙','裙67',180,80,14400,'红色,S:20||黑色,M:20||白色,L:20||灰色,XL:20','67',61,'秋二波'),(2,68,'必订','文艺','裙','裙68',180,80,14400,'红色,S:20||黑色,M:20||白色,L:20||灰色,XL:20','68',62,'秋二波'),(2,69,'必订','文艺','裙','裙69',180,80,14400,'红色,S:20||黑色,M:20||白色,L:20||灰色,XL:20','69',63,'秋二波'),(2,70,'必订','文艺','裙','裙70',180,80,14400,'红色,S:20||黑色,M:20||白色,L:20||灰色,XL:20','70',64,'秋二波'),(2,71,'必订','文艺','裙','裙71',180,80,14400,'红色,S:20||黑色,M:20||白色,L:20||灰色,XL:20','71',65,'秋二波'),(2,72,'必订','文艺','裙','裙72',180,80,14400,'红色,S:20||黑色,M:20||白色,L:20||灰色,XL:20','72',66,'秋二波'),(2,73,'必订','文艺','裙','裙73',180,80,14400,'红色,S:20||黑色,M:20||白色,L:20||灰色,XL:20','73',67,'秋二波'),(2,74,'必订','文艺','裙','裙74',180,80,14400,'红色,S:20||黑色,M:20||白色,L:20||灰色,XL:20','74',68,'秋二波'),(2,75,'必订','文艺','裙','裙75',180,80,14400,'红色,S:20||黑色,M:20||白色,L:20||灰色,XL:20','75',69,'秋二波'),(2,76,'必订','文艺','裙','裙76',180,80,14400,'红色,S:20||黑色,M:20||白色,L:20||灰色,XL:20','76',70,'秋二波'),(2,77,'必订','文艺','裙','裙77',180,80,14400,'红色,S:20||黑色,M:20||白色,L:20||灰色,XL:20','77',71,'秋二波'),(2,78,'必订','文艺','裙','裙78',180,80,14400,'红色,S:20||黑色,M:20||白色,L:20||灰色,XL:20','78',72,'秋二波'),(2,79,'必订','文艺','裙','裙79',180,80,14400,'红色,S:20||黑色,M:20||白色,L:20||灰色,XL:20','79',73,'秋二波'),(2,80,'必订','文艺','裙','裙80',180,80,14400,'红色,S:20||黑色,M:20||白色,L:20||灰色,XL:20','80',74,'秋二波'),(2,81,'必订','文艺','裙','裙81',180,80,14400,'红色,S:20||黑色,M:20||白色,L:20||灰色,XL:20','81',75,'秋二波'),(2,82,'必订','文艺','裙','裙82',180,80,14400,'红色,S:20||黑色,M:20||白色,L:20||灰色,XL:20','82',76,'秋二波'),(2,83,'必订','文艺','裙','裙83',180,80,14400,'红色,S:20||黑色,M:20||白色,L:20||灰色,XL:20','83',77,'秋二波'),(2,84,'必订','文艺','裙','裙84',180,80,14400,'红色,S:20||黑色,M:20||白色,L:20||灰色,XL:20','84',78,'秋二波'),(2,85,'必订','文艺','裙','裙85',180,80,14400,'红色,S:20||黑色,M:20||白色,L:20||灰色,XL:20','85',79,'秋二波'),(2,86,'必订','文艺','裙','裙86',180,80,14400,'红色,S:20||黑色,M:20||白色,L:20||灰色,XL:20','86',80,'秋二波'),(2,87,'必订','文艺','裙','裙87',180,80,14400,'红色,S:20||黑色,M:20||白色,L:20||灰色,XL:20','87',81,'秋二波'),(2,88,'必订','文艺','裙','裙88',180,80,14400,'红色,S:20||黑色,M:20||白色,L:20||灰色,XL:20','88',82,'秋二波'),(2,89,'必订','文艺','裙','裙89',180,80,14400,'红色,S:20||黑色,M:20||白色,L:20||灰色,XL:20','89',83,'秋二波'),(2,90,'必订','文艺','裙','裙90',180,80,14400,'红色,S:20||黑色,M:20||白色,L:20||灰色,XL:20','90',84,'秋二波'),(4,12,'必订','运动','裤','裤12',180,80,14400,'红色,S:20||黑色,M:20||白色,L:20||灰色,XL:20','12',85,'秋一波'),(4,13,'必订','运动','裤','裤13',180,80,14400,'红色,S:20||黑色,M:20||白色,L:20||灰色,XL:20','13',86,'秋一波'),(4,14,'必订','运动','裤','裤14',180,80,14400,'红色,S:20||黑色,M:20||白色,L:20||灰色,XL:20','14',87,'秋一波'),(4,15,'必订','运动','裤','裤15',180,80,14400,'红色,S:20||黑色,M:20||白色,L:20||灰色,XL:20','15',88,'秋一波'),(4,16,'必订','度假','上衣','上衣16',180,80,14400,'红色,S:20||黑色,M:20||白色,L:20||灰色,XL:20','16',89,'夏三波'),(4,17,'必订','度假','上衣','上衣17',180,80,14400,'红色,S:20||黑色,M:20||白色,L:20||灰色,XL:20','17',90,'夏三波'),(4,18,'必订','度假','上衣','上衣18',180,80,14400,'红色,S:20||黑色,M:20||白色,L:20||灰色,XL:20','18',91,'夏三波'),(4,19,'必订','度假','上衣','上衣19',180,80,14400,'红色,S:20||黑色,M:20||白色,L:20||灰色,XL:20','19',92,'夏三波'),(4,20,'必订','度假','上衣','上衣20',180,80,14400,'红色,S:20||黑色,M:20||白色,L:20||灰色,XL:20','20',93,'夏三波'),(4,21,'必订','度假','上衣','上衣21',180,80,14400,'红色,S:20||黑色,M:20||白色,L:20||灰色,XL:20','21',94,'夏三波'),(4,22,'必订','度假','上衣','上衣22',180,80,14400,'红色,S:20||黑色,M:20||白色,L:20||灰色,XL:20','22',95,'夏三波'),(4,23,'必订','度假','上衣','上衣23',180,80,14400,'红色,S:20||黑色,M:20||白色,L:20||灰色,XL:20','23',96,'夏三波'),(4,24,'必订','度假','上衣','上衣24',180,80,14400,'红色,S:20||黑色,M:20||白色,L:20||灰色,XL:20','24',97,'夏三波'),(4,25,'必订','度假','上衣','上衣25',180,80,14400,'红色,S:20||黑色,M:20||白色,L:20||灰色,XL:20','25',98,'夏三波'),(4,26,'必订','度假','上衣','上衣26',180,80,14400,'红色,S:20||黑色,M:20||白色,L:20||灰色,XL:20','26',99,'夏三波'),(4,27,'必订','度假','上衣','上衣27',180,80,14400,'红色,S:20||黑色,M:20||白色,L:20||灰色,XL:20','27',100,'夏三波'),(4,28,'必订','度假','上衣','上衣28',180,80,14400,'红色,S:20||黑色,M:20||白色,L:20||灰色,XL:20','28',101,'夏三波'),(4,29,'必订','度假','上衣','上衣29',180,80,14400,'红色,S:20||黑色,M:20||白色,L:20||灰色,XL:20','29',102,'夏三波'),(4,30,'推广','度假','上衣','上衣30',180,80,14400,'红色,S:20||黑色,M:20||白色,L:20||灰色,XL:20','30',103,'夏三波'),(4,31,'推广','度假','上衣','上衣31',180,80,14400,'红色,S:20||黑色,M:20||白色,L:20||灰色,XL:20','31',104,'夏三波'),(4,32,'推广','度假','上衣','上衣32',180,80,14400,'红色,S:20||黑色,M:20||白色,L:20||灰色,XL:20','32',105,'夏三波'),(4,33,'推广','度假','上衣','上衣33',180,80,14400,'红色,S:20||黑色,M:20||白色,L:20||灰色,XL:20','33',106,'夏三波'),(4,34,'必订','度假','上衣','上衣34',180,80,14400,'红色,S:20||黑色,M:20||白色,L:20||灰色,XL:20','34',107,'夏三波'),(4,35,'必订','度假','上衣','上衣35',180,80,14400,'红色,S:20||黑色,M:20||白色,L:20||灰色,XL:20','35',108,'夏三波'),(4,36,'必订','度假','上衣','上衣36',180,80,14400,'红色,S:20||黑色,M:20||白色,L:20||灰色,XL:20','36',109,'夏三波'),(4,37,'必订','度假','上衣','上衣37',180,80,14400,'红色,S:20||黑色,M:20||白色,L:20||灰色,XL:20','37',110,'夏三波'),(4,38,'必订','度假','上衣','上衣38',180,80,14400,'红色,S:20||黑色,M:20||白色,L:20||灰色,XL:20','38',111,'夏三波'),(4,39,'必订','度假','上衣','上衣39',180,80,14400,'红色,S:20||黑色,M:20||白色,L:20||灰色,XL:20','39',112,'夏三波'),(4,40,'必订','度假','上衣','上衣40',180,80,14400,'红色,S:20||黑色,M:20||白色,L:20||灰色,XL:20','40',113,'夏三波'),(4,41,'普通','度假','上衣','上衣41',180,80,14400,'红色,S:20||黑色,M:20||白色,L:20||灰色,XL:20','41',114,'夏三波'),(4,42,'普通','度假','上衣','上衣42',180,80,14400,'红色,S:20||黑色,M:20||白色,L:20||灰色,XL:20','42',115,'夏三波'),(4,43,'普通','度假','上衣','上衣43',180,80,14400,'红色,S:20||黑色,M:20||白色,L:20||灰色,XL:20','43',116,'夏三波'),(4,44,'普通','度假','上衣','上衣44',180,80,14400,'红色,S:20||黑色,M:20||白色,L:20||灰色,XL:20','44',117,'夏三波'),(4,45,'普通','度假','上衣','上衣45',180,80,14400,'红色,S:20||黑色,M:20||白色,L:20||灰色,XL:20','45',118,'夏三波'),(4,46,'普通','度假','上衣','上衣46',180,80,14400,'红色,S:20||黑色,M:20||白色,L:20||灰色,XL:20','46',119,'夏三波'),(4,47,'普通','度假','上衣','上衣47',180,80,14400,'红色,S:20||黑色,M:20||白色,L:20||灰色,XL:20','47',120,'夏三波'),(4,48,'普通','度假','上衣','上衣48',180,80,14400,'红色,S:20||黑色,M:20||白色,L:20||灰色,XL:20','48',121,'夏三波'),(4,49,'普通','度假','上衣','上衣49',180,80,14400,'红色,S:20||黑色,M:20||白色,L:20||灰色,XL:20','49',122,'夏三波'),(4,50,'普通','文艺','裙','裙50',180,80,14400,'红色,S:20||黑色,M:20||白色,L:20||灰色,XL:20','50',123,'秋二波'),(4,51,'普通','文艺','裙','裙51',180,80,14400,'红色,S:20||黑色,M:20||白色,L:20||灰色,XL:20','51',124,'秋二波'),(4,52,'普通','文艺','裙','裙52',180,80,14400,'红色,S:20||黑色,M:20||白色,L:20||灰色,XL:20','52',125,'秋二波'),(4,53,'普通','文艺','裙','裙53',180,80,14400,'红色,S:20||黑色,M:20||白色,L:20||灰色,XL:20','53',126,'秋二波'),(4,54,'普通','文艺','裙','裙54',180,80,14400,'红色,S:20||黑色,M:20||白色,L:20||灰色,XL:20','54',127,'秋二波'),(4,55,'普通','文艺','裙','裙55',180,80,14400,'红色,S:20||黑色,M:20||白色,L:20||灰色,XL:20','55',128,'秋二波'),(4,56,'普通','文艺','裙','裙56',180,80,14400,'红色,S:20||黑色,M:20||白色,L:20||灰色,XL:20','56',129,'秋二波'),(4,57,'普通','文艺','裙','裙57',180,80,14400,'红色,S:20||黑色,M:20||白色,L:20||灰色,XL:20','57',130,'秋二波'),(4,58,'普通','文艺','裙','裙58',180,80,14400,'红色,S:20||黑色,M:20||白色,L:20||灰色,XL:20','58',131,'秋二波'),(4,59,'普通','文艺','裙','裙59',180,80,14400,'红色,S:20||黑色,M:20||白色,L:20||灰色,XL:20','59',132,'秋二波'),(4,60,'必订','文艺','裙','裙60',180,80,14400,'红色,S:20||黑色,M:20||白色,L:20||灰色,XL:20','60',133,'秋二波'),(4,61,'必订','文艺','裙','裙61',180,80,14400,'红色,S:20||黑色,M:20||白色,L:20||灰色,XL:20','61',134,'秋二波'),(4,62,'必订','文艺','裙','裙62',180,80,14400,'红色,S:20||黑色,M:20||白色,L:20||灰色,XL:20','62',135,'秋二波'),(4,63,'必订','文艺','裙','裙63',180,80,14400,'红色,S:20||黑色,M:20||白色,L:20||灰色,XL:20','63',136,'秋二波'),(4,64,'必订','文艺','裙','裙64',180,80,14400,'红色,S:20||黑色,M:20||白色,L:20||灰色,XL:20','64',137,'秋二波'),(4,65,'必订','文艺','裙','裙65',180,80,14400,'红色,S:20||黑色,M:20||白色,L:20||灰色,XL:20','65',138,'秋二波'),(4,66,'必订','文艺','裙','裙66',180,80,14400,'红色,S:20||黑色,M:20||白色,L:20||灰色,XL:20','66',139,'秋二波'),(4,67,'必订','文艺','裙','裙67',180,80,14400,'红色,S:20||黑色,M:20||白色,L:20||灰色,XL:20','67',140,'秋二波'),(4,68,'必订','文艺','裙','裙68',180,80,14400,'红色,S:20||黑色,M:20||白色,L:20||灰色,XL:20','68',141,'秋二波'),(4,69,'必订','文艺','裙','裙69',180,80,14400,'红色,S:20||黑色,M:20||白色,L:20||灰色,XL:20','69',142,'秋二波'),(4,70,'必订','文艺','裙','裙70',180,80,14400,'红色,S:20||黑色,M:20||白色,L:20||灰色,XL:20','70',143,'秋二波'),(4,71,'必订','文艺','裙','裙71',180,80,14400,'红色,S:20||黑色,M:20||白色,L:20||灰色,XL:20','71',144,'秋二波'),(4,72,'必订','文艺','裙','裙72',180,80,14400,'红色,S:20||黑色,M:20||白色,L:20||灰色,XL:20','72',145,'秋二波'),(4,73,'必订','文艺','裙','裙73',180,80,14400,'红色,S:20||黑色,M:20||白色,L:20||灰色,XL:20','73',146,'秋二波'),(4,74,'必订','文艺','裙','裙74',180,80,14400,'红色,S:20||黑色,M:20||白色,L:20||灰色,XL:20','74',147,'秋二波'),(4,75,'必订','文艺','裙','裙75',180,80,14400,'红色,S:20||黑色,M:20||白色,L:20||灰色,XL:20','75',148,'秋二波'),(4,76,'必订','文艺','裙','裙76',180,80,14400,'红色,S:20||黑色,M:20||白色,L:20||灰色,XL:20','76',149,'秋二波'),(4,77,'必订','文艺','裙','裙77',180,80,14400,'红色,S:20||黑色,M:20||白色,L:20||灰色,XL:20','77',150,'秋二波'),(4,78,'必订','文艺','裙','裙78',180,80,14400,'红色,S:20||黑色,M:20||白色,L:20||灰色,XL:20','78',151,'秋二波'),(4,79,'必订','文艺','裙','裙79',180,80,14400,'红色,S:20||黑色,M:20||白色,L:20||灰色,XL:20','79',152,'秋二波'),(4,80,'必订','文艺','裙','裙80',180,80,14400,'红色,S:20||黑色,M:20||白色,L:20||灰色,XL:20','80',153,'秋二波'),(4,81,'必订','文艺','裙','裙81',180,80,14400,'红色,S:20||黑色,M:20||白色,L:20||灰色,XL:20','81',154,'秋二波'),(4,82,'必订','文艺','裙','裙82',180,80,14400,'红色,S:20||黑色,M:20||白色,L:20||灰色,XL:20','82',155,'秋二波'),(4,83,'必订','文艺','裙','裙83',180,80,14400,'红色,S:20||黑色,M:20||白色,L:20||灰色,XL:20','83',156,'秋二波'),(4,84,'必订','文艺','裙','裙84',180,80,14400,'红色,S:20||黑色,M:20||白色,L:20||灰色,XL:20','84',157,'秋二波'),(4,85,'必订','文艺','裙','裙85',180,80,14400,'红色,S:20||黑色,M:20||白色,L:20||灰色,XL:20','85',158,'秋二波'),(4,86,'必订','文艺','裙','裙86',180,80,14400,'红色,S:20||黑色,M:20||白色,L:20||灰色,XL:20','86',159,'秋二波'),(4,87,'必订','文艺','裙','裙87',180,80,14400,'红色,S:20||黑色,M:20||白色,L:20||灰色,XL:20','87',160,'秋二波'),(4,88,'必订','文艺','裙','裙88',180,80,14400,'红色,S:20||黑色,M:20||白色,L:20||灰色,XL:20','88',161,'秋二波'),(4,89,'必订','文艺','裙','裙89',180,80,14400,'红色,S:20||黑色,M:20||白色,L:20||灰色,XL:20','89',162,'秋二波'),(4,90,'必订','文艺','裙','裙90',180,80,14400,'红色,S:20||黑色,M:20||白色,L:20||灰色,XL:20','90',163,'秋二波'),(5,12,'必订','运动','裤','裤12',180,80,14400,'红色,S:20||黑色,M:20||白色,L:20||灰色,XL:20','12',164,'秋一波'),(5,13,'必订','运动','裤','裤13',180,80,14400,'红色,S:20||黑色,M:20||白色,L:20||灰色,XL:20','13',165,'秋一波'),(5,14,'必订','运动','裤','裤14',180,80,14400,'红色,S:20||黑色,M:20||白色,L:20||灰色,XL:20','14',166,'秋一波'),(5,15,'必订','运动','裤','裤15',180,80,14400,'红色,S:20||黑色,M:20||白色,L:20||灰色,XL:20','15',167,'秋一波'),(5,16,'必订','度假','上衣','上衣16',180,80,14400,'红色,S:20||黑色,M:20||白色,L:20||灰色,XL:20','16',168,'夏三波'),(5,17,'必订','度假','上衣','上衣17',180,80,14400,'红色,S:20||黑色,M:20||白色,L:20||灰色,XL:20','17',169,'夏三波'),(5,18,'必订','度假','上衣','上衣18',180,80,14400,'红色,S:20||黑色,M:20||白色,L:20||灰色,XL:20','18',170,'夏三波'),(5,19,'必订','度假','上衣','上衣19',180,80,14400,'红色,S:20||黑色,M:20||白色,L:20||灰色,XL:20','19',171,'夏三波'),(5,20,'必订','度假','上衣','上衣20',180,80,14400,'红色,S:20||黑色,M:20||白色,L:20||灰色,XL:20','20',172,'夏三波'),(5,21,'必订','度假','上衣','上衣21',180,80,14400,'红色,S:20||黑色,M:20||白色,L:20||灰色,XL:20','21',173,'夏三波'),(5,22,'必订','度假','上衣','上衣22',180,80,14400,'红色,S:20||黑色,M:20||白色,L:20||灰色,XL:20','22',174,'夏三波'),(5,23,'必订','度假','上衣','上衣23',180,80,14400,'红色,S:20||黑色,M:20||白色,L:20||灰色,XL:20','23',175,'夏三波'),(5,24,'必订','度假','上衣','上衣24',180,80,14400,'红色,S:20||黑色,M:20||白色,L:20||灰色,XL:20','24',176,'夏三波'),(5,25,'必订','度假','上衣','上衣25',180,80,14400,'红色,S:20||黑色,M:20||白色,L:20||灰色,XL:20','25',177,'夏三波'),(5,26,'必订','度假','上衣','上衣26',180,80,14400,'红色,S:20||黑色,M:20||白色,L:20||灰色,XL:20','26',178,'夏三波'),(5,27,'必订','度假','上衣','上衣27',180,80,14400,'红色,S:20||黑色,M:20||白色,L:20||灰色,XL:20','27',179,'夏三波'),(5,28,'必订','度假','上衣','上衣28',180,80,14400,'红色,S:20||黑色,M:20||白色,L:20||灰色,XL:20','28',180,'夏三波'),(5,29,'必订','度假','上衣','上衣29',180,80,14400,'红色,S:20||黑色,M:20||白色,L:20||灰色,XL:20','29',181,'夏三波'),(5,30,'推广','度假','上衣','上衣30',180,80,14400,'红色,S:20||黑色,M:20||白色,L:20||灰色,XL:20','30',182,'夏三波'),(5,31,'推广','度假','上衣','上衣31',180,80,14400,'红色,S:20||黑色,M:20||白色,L:20||灰色,XL:20','31',183,'夏三波'),(5,32,'推广','度假','上衣','上衣32',180,80,14400,'红色,S:20||黑色,M:20||白色,L:20||灰色,XL:20','32',184,'夏三波'),(5,33,'推广','度假','上衣','上衣33',180,80,14400,'红色,S:20||黑色,M:20||白色,L:20||灰色,XL:20','33',185,'夏三波'),(5,34,'必订','度假','上衣','上衣34',180,80,14400,'红色,S:20||黑色,M:20||白色,L:20||灰色,XL:20','34',186,'夏三波'),(5,35,'必订','度假','上衣','上衣35',180,80,14400,'红色,S:20||黑色,M:20||白色,L:20||灰色,XL:20','35',187,'夏三波'),(5,36,'必订','度假','上衣','上衣36',180,80,14400,'红色,S:20||黑色,M:20||白色,L:20||灰色,XL:20','36',188,'夏三波'),(5,37,'必订','度假','上衣','上衣37',180,80,14400,'红色,S:20||黑色,M:20||白色,L:20||灰色,XL:20','37',189,'夏三波'),(5,38,'必订','度假','上衣','上衣38',180,80,14400,'红色,S:20||黑色,M:20||白色,L:20||灰色,XL:20','38',190,'夏三波'),(5,39,'必订','度假','上衣','上衣39',180,80,14400,'红色,S:20||黑色,M:20||白色,L:20||灰色,XL:20','39',191,'夏三波'),(5,40,'必订','度假','上衣','上衣40',180,80,14400,'红色,S:20||黑色,M:20||白色,L:20||灰色,XL:20','40',192,'夏三波'),(5,41,'普通','度假','上衣','上衣41',180,80,14400,'红色,S:20||黑色,M:20||白色,L:20||灰色,XL:20','41',193,'夏三波'),(5,42,'普通','度假','上衣','上衣42',180,80,14400,'红色,S:20||黑色,M:20||白色,L:20||灰色,XL:20','42',194,'夏三波'),(5,43,'普通','度假','上衣','上衣43',180,80,14400,'红色,S:20||黑色,M:20||白色,L:20||灰色,XL:20','43',195,'夏三波'),(5,44,'普通','度假','上衣','上衣44',180,80,14400,'红色,S:20||黑色,M:20||白色,L:20||灰色,XL:20','44',196,'夏三波'),(5,45,'普通','度假','上衣','上衣45',180,80,14400,'红色,S:20||黑色,M:20||白色,L:20||灰色,XL:20','45',197,'夏三波'),(5,46,'普通','度假','上衣','上衣46',180,80,14400,'红色,S:20||黑色,M:20||白色,L:20||灰色,XL:20','46',198,'夏三波'),(5,47,'普通','度假','上衣','上衣47',180,80,14400,'红色,S:20||黑色,M:20||白色,L:20||灰色,XL:20','47',199,'夏三波'),(5,48,'普通','度假','上衣','上衣48',180,80,14400,'红色,S:20||黑色,M:20||白色,L:20||灰色,XL:20','48',200,'夏三波'),(5,49,'普通','度假','上衣','上衣49',180,80,14400,'红色,S:20||黑色,M:20||白色,L:20||灰色,XL:20','49',201,'夏三波'),(5,50,'普通','文艺','裙','裙50',180,80,14400,'红色,S:20||黑色,M:20||白色,L:20||灰色,XL:20','50',202,'秋二波'),(5,51,'普通','文艺','裙','裙51',180,80,14400,'红色,S:20||黑色,M:20||白色,L:20||灰色,XL:20','51',203,'秋二波'),(5,52,'普通','文艺','裙','裙52',180,80,14400,'红色,S:20||黑色,M:20||白色,L:20||灰色,XL:20','52',204,'秋二波'),(5,53,'普通','文艺','裙','裙53',180,80,14400,'红色,S:20||黑色,M:20||白色,L:20||灰色,XL:20','53',205,'秋二波'),(5,54,'普通','文艺','裙','裙54',180,80,14400,'红色,S:20||黑色,M:20||白色,L:20||灰色,XL:20','54',206,'秋二波'),(5,55,'普通','文艺','裙','裙55',180,80,14400,'红色,S:20||黑色,M:20||白色,L:20||灰色,XL:20','55',207,'秋二波'),(5,56,'普通','文艺','裙','裙56',180,80,14400,'红色,S:20||黑色,M:20||白色,L:20||灰色,XL:20','56',208,'秋二波'),(5,57,'普通','文艺','裙','裙57',180,80,14400,'红色,S:20||黑色,M:20||白色,L:20||灰色,XL:20','57',209,'秋二波'),(5,58,'普通','文艺','裙','裙58',180,80,14400,'红色,S:20||黑色,M:20||白色,L:20||灰色,XL:20','58',210,'秋二波'),(5,59,'普通','文艺','裙','裙59',180,80,14400,'红色,S:20||黑色,M:20||白色,L:20||灰色,XL:20','59',211,'秋二波'),(5,60,'必订','文艺','裙','裙60',180,80,14400,'红色,S:20||黑色,M:20||白色,L:20||灰色,XL:20','60',212,'秋二波'),(5,61,'必订','文艺','裙','裙61',180,80,14400,'红色,S:20||黑色,M:20||白色,L:20||灰色,XL:20','61',213,'秋二波'),(5,62,'必订','文艺','裙','裙62',180,80,14400,'红色,S:20||黑色,M:20||白色,L:20||灰色,XL:20','62',214,'秋二波'),(5,63,'必订','文艺','裙','裙63',180,80,14400,'红色,S:20||黑色,M:20||白色,L:20||灰色,XL:20','63',215,'秋二波'),(5,64,'必订','文艺','裙','裙64',180,80,14400,'红色,S:20||黑色,M:20||白色,L:20||灰色,XL:20','64',216,'秋二波'),(5,65,'必订','文艺','裙','裙65',180,80,14400,'红色,S:20||黑色,M:20||白色,L:20||灰色,XL:20','65',217,'秋二波'),(5,66,'必订','文艺','裙','裙66',180,80,14400,'红色,S:20||黑色,M:20||白色,L:20||灰色,XL:20','66',218,'秋二波'),(5,67,'必订','文艺','裙','裙67',180,80,14400,'红色,S:20||黑色,M:20||白色,L:20||灰色,XL:20','67',219,'秋二波'),(5,68,'必订','文艺','裙','裙68',180,80,14400,'红色,S:20||黑色,M:20||白色,L:20||灰色,XL:20','68',220,'秋二波'),(5,69,'必订','文艺','裙','裙69',180,80,14400,'红色,S:20||黑色,M:20||白色,L:20||灰色,XL:20','69',221,'秋二波'),(5,70,'必订','文艺','裙','裙70',180,80,14400,'红色,S:20||黑色,M:20||白色,L:20||灰色,XL:20','70',222,'秋二波'),(5,71,'必订','文艺','裙','裙71',180,80,14400,'红色,S:20||黑色,M:20||白色,L:20||灰色,XL:20','71',223,'秋二波'),(5,72,'必订','文艺','裙','裙72',180,80,14400,'红色,S:20||黑色,M:20||白色,L:20||灰色,XL:20','72',224,'秋二波'),(5,73,'必订','文艺','裙','裙73',180,80,14400,'红色,S:20||黑色,M:20||白色,L:20||灰色,XL:20','73',225,'秋二波'),(5,74,'必订','文艺','裙','裙74',180,80,14400,'红色,S:20||黑色,M:20||白色,L:20||灰色,XL:20','74',226,'秋二波'),(5,75,'必订','文艺','裙','裙75',180,80,14400,'红色,S:20||黑色,M:20||白色,L:20||灰色,XL:20','75',227,'秋二波'),(5,76,'必订','文艺','裙','裙76',180,80,14400,'红色,S:20||黑色,M:20||白色,L:20||灰色,XL:20','76',228,'秋二波'),(5,77,'必订','文艺','裙','裙77',180,80,14400,'红色,S:20||黑色,M:20||白色,L:20||灰色,XL:20','77',229,'秋二波'),(5,78,'必订','文艺','裙','裙78',180,80,14400,'红色,S:20||黑色,M:20||白色,L:20||灰色,XL:20','78',230,'秋二波'),(5,79,'必订','文艺','裙','裙79',180,80,14400,'红色,S:20||黑色,M:20||白色,L:20||灰色,XL:20','79',231,'秋二波'),(5,80,'必订','文艺','裙','裙80',180,80,14400,'红色,S:20||黑色,M:20||白色,L:20||灰色,XL:20','80',232,'秋二波'),(5,81,'必订','文艺','裙','裙81',180,80,14400,'红色,S:20||黑色,M:20||白色,L:20||灰色,XL:20','81',233,'秋二波'),(5,82,'必订','文艺','裙','裙82',180,80,14400,'红色,S:20||黑色,M:20||白色,L:20||灰色,XL:20','82',234,'秋二波'),(5,83,'必订','文艺','裙','裙83',180,80,14400,'红色,S:20||黑色,M:20||白色,L:20||灰色,XL:20','83',235,'秋二波'),(5,84,'必订','文艺','裙','裙84',180,80,14400,'红色,S:20||黑色,M:20||白色,L:20||灰色,XL:20','84',236,'秋二波'),(5,85,'必订','文艺','裙','裙85',180,80,14400,'红色,S:20||黑色,M:20||白色,L:20||灰色,XL:20','85',237,'秋二波'),(5,86,'必订','文艺','裙','裙86',180,80,14400,'红色,S:20||黑色,M:20||白色,L:20||灰色,XL:20','86',238,'秋二波'),(5,87,'必订','文艺','裙','裙87',180,80,14400,'红色,S:20||黑色,M:20||白色,L:20||灰色,XL:20','87',239,'秋二波'),(5,88,'必订','文艺','裙','裙88',180,80,14400,'红色,S:20||黑色,M:20||白色,L:20||灰色,XL:20','88',240,'秋二波'),(5,89,'必订','文艺','裙','裙89',180,80,14400,'红色,S:20||黑色,M:20||白色,L:20||灰色,XL:20','89',241,'秋二波'),(5,90,'必订','文艺','裙','裙90',180,80,14400,'红色,S:20||黑色,M:20||白色,L:20||灰色,XL:20','90',242,'秋二波'),(3,7,'必订','运动','裤','裤7',180,80,14400,'红色,S:20||黑色,M:20||白色,L:20||灰色,XL:20','7',406,'秋一波'),(3,8,'必订','运动','裤','裤8',180,80,14400,'红色,S:20||黑色,M:20||白色,L:20||灰色,XL:20','8',407,'秋一波'),(3,9,'必订','运动','裤','裤9',180,80,14400,'红色,S:20||黑色,M:20||白色,L:20||灰色,XL:20','9',408,'秋一波'),(3,10,'必订','运动','裤','裤10',180,80,14400,'红色,S:20||黑色,M:20||白色,L:20||灰色,XL:20','10',409,'秋一波'),(3,11,'必订','运动','裤','裤11',180,80,14400,'红色,S:20||黑色,M:20||白色,L:20||灰色,XL:20','11',410,'秋一波'),(3,12,'必订','运动','裤','裤12',180,80,14400,'红色,S:20||黑色,M:20||白色,L:20||灰色,XL:20','12',411,'秋一波'),(3,13,'必订','运动','裤','裤13',180,80,14400,'红色,S:20||黑色,M:20||白色,L:20||灰色,XL:20','13',412,'秋一波'),(3,14,'必订','运动','裤','裤14',180,80,14400,'红色,S:20||黑色,M:20||白色,L:20||灰色,XL:20','14',413,'秋一波'),(3,15,'必订','运动','裤','裤15',180,80,14400,'红色,S:20||黑色,M:20||白色,L:20||灰色,XL:20','15',414,'秋一波'),(3,16,'必订','度假','上衣','上衣16',180,80,14400,'红色,S:20||黑色,M:20||白色,L:20||灰色,XL:20','16',415,'夏三波'),(3,17,'必订','度假','上衣','上衣17',180,80,14400,'红色,S:20||黑色,M:20||白色,L:20||灰色,XL:20','17',416,'夏三波'),(3,18,'必订','度假','上衣','上衣18',180,80,14400,'红色,S:20||黑色,M:20||白色,L:20||灰色,XL:20','18',417,'夏三波'),(3,19,'必订','度假','上衣','上衣19',180,80,14400,'红色,S:20||黑色,M:20||白色,L:20||灰色,XL:20','19',418,'夏三波'),(3,20,'必订','度假','上衣','上衣20',180,80,14400,'红色,S:20||黑色,M:20||白色,L:20||灰色,XL:20','20',419,'夏三波'),(3,21,'必订','度假','上衣','上衣21',180,80,14400,'红色,S:20||黑色,M:20||白色,L:20||灰色,XL:20','21',420,'夏三波'),(3,22,'必订','度假','上衣','上衣22',180,80,14400,'红色,S:20||黑色,M:20||白色,L:20||灰色,XL:20','22',421,'夏三波'),(3,23,'必订','度假','上衣','上衣23',180,80,14400,'红色,S:20||黑色,M:20||白色,L:20||灰色,XL:20','23',422,'夏三波'),(3,24,'必订','度假','上衣','上衣24',180,80,14400,'红色,S:20||黑色,M:20||白色,L:20||灰色,XL:20','24',423,'夏三波'),(3,25,'必订','度假','上衣','上衣25',180,80,14400,'红色,S:20||黑色,M:20||白色,L:20||灰色,XL:20','25',424,'夏三波'),(3,26,'必订','度假','上衣','上衣26',180,80,14400,'红色,S:20||黑色,M:20||白色,L:20||灰色,XL:20','26',425,'夏三波'),(3,27,'必订','度假','上衣','上衣27',180,80,14400,'红色,S:20||黑色,M:20||白色,L:20||灰色,XL:20','27',426,'夏三波'),(3,28,'必订','度假','上衣','上衣28',180,80,14400,'红色,S:20||黑色,M:20||白色,L:20||灰色,XL:20','28',427,'夏三波'),(3,29,'必订','度假','上衣','上衣29',180,80,14400,'红色,S:20||黑色,M:20||白色,L:20||灰色,XL:20','29',428,'夏三波'),(3,30,'推广','度假','上衣','上衣30',180,80,14400,'红色,S:20||黑色,M:20||白色,L:20||灰色,XL:20','30',429,'夏三波'),(3,31,'推广','度假','上衣','上衣31',180,80,14400,'红色,S:20||黑色,M:20||白色,L:20||灰色,XL:20','31',430,'夏三波'),(3,32,'推广','度假','上衣','上衣32',180,80,14400,'红色,S:20||黑色,M:20||白色,L:20||灰色,XL:20','32',431,'夏三波'),(3,33,'推广','度假','上衣','上衣33',180,80,14400,'红色,S:20||黑色,M:20||白色,L:20||灰色,XL:20','33',432,'夏三波'),(3,34,'必订','度假','上衣','上衣34',180,80,14400,'红色,S:20||黑色,M:20||白色,L:20||灰色,XL:20','34',433,'夏三波'),(3,35,'必订','度假','上衣','上衣35',180,80,14400,'红色,S:20||黑色,M:20||白色,L:20||灰色,XL:20','35',434,'夏三波'),(3,36,'必订','度假','上衣','上衣36',180,80,14400,'红色,S:20||黑色,M:20||白色,L:20||灰色,XL:20','36',435,'夏三波'),(3,37,'必订','度假','上衣','上衣37',180,80,14400,'红色,S:20||黑色,M:20||白色,L:20||灰色,XL:20','37',436,'夏三波'),(3,38,'必订','度假','上衣','上衣38',180,80,14400,'红色,S:20||黑色,M:20||白色,L:20||灰色,XL:20','38',437,'夏三波'),(3,39,'必订','度假','上衣','上衣39',180,80,14400,'红色,S:20||黑色,M:20||白色,L:20||灰色,XL:20','39',438,'夏三波'),(3,40,'必订','度假','上衣','上衣40',180,80,14400,'红色,S:20||黑色,M:20||白色,L:20||灰色,XL:20','40',439,'夏三波'),(3,41,'普通','度假','上衣','上衣41',180,80,14400,'红色,S:20||黑色,M:20||白色,L:20||灰色,XL:20','41',440,'夏三波'),(3,42,'普通','度假','上衣','上衣42',180,80,14400,'红色,S:20||黑色,M:20||白色,L:20||灰色,XL:20','42',441,'夏三波'),(3,43,'普通','度假','上衣','上衣43',180,80,14400,'红色,S:20||黑色,M:20||白色,L:20||灰色,XL:20','43',442,'夏三波'),(3,44,'普通','度假','上衣','上衣44',180,80,14400,'红色,S:20||黑色,M:20||白色,L:20||灰色,XL:20','44',443,'夏三波'),(3,45,'普通','度假','上衣','上衣45',180,80,14400,'红色,S:20||黑色,M:20||白色,L:20||灰色,XL:20','45',444,'夏三波'),(3,46,'普通','度假','上衣','上衣46',180,80,14400,'红色,S:20||黑色,M:20||白色,L:20||灰色,XL:20','46',445,'夏三波'),(3,47,'普通','度假','上衣','上衣47',180,80,14400,'红色,S:20||黑色,M:20||白色,L:20||灰色,XL:20','47',446,'夏三波'),(3,48,'普通','度假','上衣','上衣48',180,80,14400,'红色,S:20||黑色,M:20||白色,L:20||灰色,XL:20','48',447,'夏三波'),(3,49,'普通','度假','上衣','上衣49',180,80,14400,'红色,S:20||黑色,M:20||白色,L:20||灰色,XL:20','49',448,'夏三波'),(3,50,'普通','文艺','裙','裙50',180,80,14400,'红色,S:20||黑色,M:20||白色,L:20||灰色,XL:20','50',449,'秋二波'),(3,51,'普通','文艺','裙','裙51',180,80,14400,'红色,S:20||黑色,M:20||白色,L:20||灰色,XL:20','51',450,'秋二波'),(3,52,'普通','文艺','裙','裙52',180,80,14400,'红色,S:20||黑色,M:20||白色,L:20||灰色,XL:20','52',451,'秋二波'),(3,53,'普通','文艺','裙','裙53',180,80,14400,'红色,S:20||黑色,M:20||白色,L:20||灰色,XL:20','53',452,'秋二波'),(3,54,'普通','文艺','裙','裙54',180,80,14400,'红色,S:20||黑色,M:20||白色,L:20||灰色,XL:20','54',453,'秋二波'),(3,55,'普通','文艺','裙','裙55',180,80,14400,'红色,S:20||黑色,M:20||白色,L:20||灰色,XL:20','55',454,'秋二波'),(3,56,'普通','文艺','裙','裙56',180,80,14400,'红色,S:20||黑色,M:20||白色,L:20||灰色,XL:20','56',455,'秋二波'),(3,57,'普通','文艺','裙','裙57',180,80,14400,'红色,S:20||黑色,M:20||白色,L:20||灰色,XL:20','57',456,'秋二波'),(3,58,'普通','文艺','裙','裙58',180,80,14400,'红色,S:20||黑色,M:20||白色,L:20||灰色,XL:20','58',457,'秋二波'),(3,59,'普通','文艺','裙','裙59',180,80,14400,'红色,S:20||黑色,M:20||白色,L:20||灰色,XL:20','59',458,'秋二波'),(3,60,'必订','文艺','裙','裙60',180,80,14400,'红色,S:20||黑色,M:20||白色,L:20||灰色,XL:20','60',459,'秋二波'),(3,61,'必订','文艺','裙','裙61',180,80,14400,'红色,S:20||黑色,M:20||白色,L:20||灰色,XL:20','61',460,'秋二波'),(3,62,'必订','文艺','裙','裙62',180,80,14400,'红色,S:20||黑色,M:20||白色,L:20||灰色,XL:20','62',461,'秋二波'),(3,63,'必订','文艺','裙','裙63',180,80,14400,'红色,S:20||黑色,M:20||白色,L:20||灰色,XL:20','63',462,'秋二波'),(3,64,'必订','文艺','裙','裙64',180,80,14400,'红色,S:20||黑色,M:20||白色,L:20||灰色,XL:20','64',463,'秋二波'),(3,65,'必订','文艺','裙','裙65',180,80,14400,'红色,S:20||黑色,M:20||白色,L:20||灰色,XL:20','65',464,'秋二波'),(3,66,'必订','文艺','裙','裙66',180,80,14400,'红色,S:20||黑色,M:20||白色,L:20||灰色,XL:20','66',465,'秋二波'),(3,67,'必订','文艺','裙','裙67',180,80,14400,'红色,S:20||黑色,M:20||白色,L:20||灰色,XL:20','67',466,'秋二波'),(3,68,'必订','文艺','裙','裙68',180,80,14400,'红色,S:20||黑色,M:20||白色,L:20||灰色,XL:20','68',467,'秋二波'),(3,69,'必订','文艺','裙','裙69',180,80,14400,'红色,S:20||黑色,M:20||白色,L:20||灰色,XL:20','69',468,'秋二波'),(3,70,'必订','文艺','裙','裙70',180,80,14400,'红色,S:20||黑色,M:20||白色,L:20||灰色,XL:20','70',469,'秋二波'),(3,71,'必订','文艺','裙','裙71',180,80,14400,'红色,S:20||黑色,M:20||白色,L:20||灰色,XL:20','71',470,'秋二波'),(3,72,'必订','文艺','裙','裙72',180,80,14400,'红色,S:20||黑色,M:20||白色,L:20||灰色,XL:20','72',471,'秋二波'),(3,73,'必订','文艺','裙','裙73',180,80,14400,'红色,S:20||黑色,M:20||白色,L:20||灰色,XL:20','73',472,'秋二波'),(3,74,'必订','文艺','裙','裙74',180,80,14400,'红色,S:20||黑色,M:20||白色,L:20||灰色,XL:20','74',473,'秋二波'),(3,75,'必订','文艺','裙','裙75',180,80,14400,'红色,S:20||黑色,M:20||白色,L:20||灰色,XL:20','75',474,'秋二波'),(3,76,'必订','文艺','裙','裙76',180,80,14400,'红色,S:20||黑色,M:20||白色,L:20||灰色,XL:20','76',475,'秋二波'),(3,77,'必订','文艺','裙','裙77',180,80,14400,'红色,S:20||黑色,M:20||白色,L:20||灰色,XL:20','77',476,'秋二波'),(3,78,'必订','文艺','裙','裙78',180,80,14400,'红色,S:20||黑色,M:20||白色,L:20||灰色,XL:20','78',477,'秋二波'),(3,79,'必订','文艺','裙','裙79',180,80,14400,'红色,S:20||黑色,M:20||白色,L:20||灰色,XL:20','79',478,'秋二波'),(3,80,'必订','文艺','裙','裙80',180,80,14400,'红色,S:20||黑色,M:20||白色,L:20||灰色,XL:20','80',479,'秋二波'),(3,81,'必订','文艺','裙','裙81',180,80,14400,'红色,S:20||黑色,M:20||白色,L:20||灰色,XL:20','81',480,'秋二波'),(3,82,'必订','文艺','裙','裙82',180,80,14400,'红色,S:20||黑色,M:20||白色,L:20||灰色,XL:20','82',481,'秋二波'),(3,83,'必订','文艺','裙','裙83',180,80,14400,'红色,S:20||黑色,M:20||白色,L:20||灰色,XL:20','83',482,'秋二波'),(3,84,'必订','文艺','裙','裙84',180,80,14400,'红色,S:20||黑色,M:20||白色,L:20||灰色,XL:20','84',483,'秋二波'),(3,85,'必订','文艺','裙','裙85',180,80,14400,'红色,S:20||黑色,M:20||白色,L:20||灰色,XL:20','85',484,'秋二波'),(3,86,'必订','文艺','裙','裙86',180,80,14400,'红色,S:20||黑色,M:20||白色,L:20||灰色,XL:20','86',485,'秋二波'),(3,87,'必订','文艺','裙','裙87',180,80,14400,'红色,S:20||黑色,M:20||白色,L:20||灰色,XL:20','87',486,'秋二波'),(3,88,'必订','文艺','裙','裙88',180,80,14400,'红色,S:20||黑色,M:20||白色,L:20||灰色,XL:20','88',487,'秋二波'),(3,89,'必订','文艺','裙','裙89',180,80,14400,'红色,S:20||黑色,M:20||白色,L:20||灰色,XL:20','89',488,'秋二波'),(3,90,'必订','文艺','裙','裙90',180,80,14400,'红色,S:20||黑色,M:20||白色,L:20||灰色,XL:20','90',489,'秋二波'),(8,7,'必订','运动','裤','裤7',180,80,14400,'红色,S:20||黑色,M:20||白色,L:20||灰色,XL:20','7',490,'秋一波'),(8,8,'必订','运动','裤','裤8',180,80,14400,'红色,S:20||黑色,M:20||白色,L:20||灰色,XL:20','8',491,'秋一波'),(8,9,'必订','运动','裤','裤9',180,80,14400,'红色,S:20||黑色,M:20||白色,L:20||灰色,XL:20','9',492,'秋一波'),(8,10,'必订','运动','裤','裤10',180,80,14400,'红色,S:20||黑色,M:20||白色,L:20||灰色,XL:20','10',493,'秋一波'),(8,11,'必订','运动','裤','裤11',180,80,14400,'红色,S:20||黑色,M:20||白色,L:20||灰色,XL:20','11',494,'秋一波'),(8,12,'必订','运动','裤','裤12',180,80,14400,'红色,S:20||黑色,M:20||白色,L:20||灰色,XL:20','12',495,'秋一波'),(8,13,'必订','运动','裤','裤13',180,80,14400,'红色,S:20||黑色,M:20||白色,L:20||灰色,XL:20','13',496,'秋一波'),(8,14,'必订','运动','裤','裤14',180,80,14400,'红色,S:20||黑色,M:20||白色,L:20||灰色,XL:20','14',497,'秋一波'),(8,15,'必订','运动','裤','裤15',180,80,14400,'红色,S:20||黑色,M:20||白色,L:20||灰色,XL:20','15',498,'秋一波'),(8,16,'必订','度假','上衣','上衣16',180,80,14400,'红色,S:20||黑色,M:20||白色,L:20||灰色,XL:20','16',499,'夏三波'),(8,17,'必订','度假','上衣','上衣17',180,80,14400,'红色,S:20||黑色,M:20||白色,L:20||灰色,XL:20','17',500,'夏三波'),(8,18,'必订','度假','上衣','上衣18',180,80,14400,'红色,S:20||黑色,M:20||白色,L:20||灰色,XL:20','18',501,'夏三波'),(8,19,'必订','度假','上衣','上衣19',180,80,14400,'红色,S:20||黑色,M:20||白色,L:20||灰色,XL:20','19',502,'夏三波'),(8,20,'必订','度假','上衣','上衣20',180,80,14400,'红色,S:20||黑色,M:20||白色,L:20||灰色,XL:20','20',503,'夏三波'),(8,21,'必订','度假','上衣','上衣21',180,80,14400,'红色,S:20||黑色,M:20||白色,L:20||灰色,XL:20','21',504,'夏三波'),(8,22,'必订','度假','上衣','上衣22',180,80,14400,'红色,S:20||黑色,M:20||白色,L:20||灰色,XL:20','22',505,'夏三波'),(8,23,'必订','度假','上衣','上衣23',180,80,14400,'红色,S:20||黑色,M:20||白色,L:20||灰色,XL:20','23',506,'夏三波'),(8,24,'必订','度假','上衣','上衣24',180,80,14400,'红色,S:20||黑色,M:20||白色,L:20||灰色,XL:20','24',507,'夏三波'),(8,25,'必订','度假','上衣','上衣25',180,80,14400,'红色,S:20||黑色,M:20||白色,L:20||灰色,XL:20','25',508,'夏三波'),(8,26,'必订','度假','上衣','上衣26',180,80,14400,'红色,S:20||黑色,M:20||白色,L:20||灰色,XL:20','26',509,'夏三波'),(8,27,'必订','度假','上衣','上衣27',180,80,14400,'红色,S:20||黑色,M:20||白色,L:20||灰色,XL:20','27',510,'夏三波'),(8,28,'必订','度假','上衣','上衣28',180,80,14400,'红色,S:20||黑色,M:20||白色,L:20||灰色,XL:20','28',511,'夏三波'),(8,29,'必订','度假','上衣','上衣29',180,80,14400,'红色,S:20||黑色,M:20||白色,L:20||灰色,XL:20','29',512,'夏三波'),(8,30,'推广','度假','上衣','上衣30',180,80,14400,'红色,S:20||黑色,M:20||白色,L:20||灰色,XL:20','30',513,'夏三波'),(8,31,'推广','度假','上衣','上衣31',180,80,14400,'红色,S:20||黑色,M:20||白色,L:20||灰色,XL:20','31',514,'夏三波'),(8,32,'推广','度假','上衣','上衣32',180,80,14400,'红色,S:20||黑色,M:20||白色,L:20||灰色,XL:20','32',515,'夏三波'),(8,33,'推广','度假','上衣','上衣33',180,80,14400,'红色,S:20||黑色,M:20||白色,L:20||灰色,XL:20','33',516,'夏三波'),(8,34,'必订','度假','上衣','上衣34',180,80,14400,'红色,S:20||黑色,M:20||白色,L:20||灰色,XL:20','34',517,'夏三波'),(8,35,'必订','度假','上衣','上衣35',180,80,14400,'红色,S:20||黑色,M:20||白色,L:20||灰色,XL:20','35',518,'夏三波'),(8,36,'必订','度假','上衣','上衣36',180,80,14400,'红色,S:20||黑色,M:20||白色,L:20||灰色,XL:20','36',519,'夏三波'),(8,37,'必订','度假','上衣','上衣37',180,80,14400,'红色,S:20||黑色,M:20||白色,L:20||灰色,XL:20','37',520,'夏三波'),(8,38,'必订','度假','上衣','上衣38',180,80,14400,'红色,S:20||黑色,M:20||白色,L:20||灰色,XL:20','38',521,'夏三波'),(8,39,'必订','度假','上衣','上衣39',180,80,14400,'红色,S:20||黑色,M:20||白色,L:20||灰色,XL:20','39',522,'夏三波'),(8,40,'必订','度假','上衣','上衣40',180,80,14400,'红色,S:20||黑色,M:20||白色,L:20||灰色,XL:20','40',523,'夏三波'),(8,41,'普通','度假','上衣','上衣41',180,80,14400,'红色,S:20||黑色,M:20||白色,L:20||灰色,XL:20','41',524,'夏三波'),(8,42,'普通','度假','上衣','上衣42',180,80,14400,'红色,S:20||黑色,M:20||白色,L:20||灰色,XL:20','42',525,'夏三波'),(8,43,'普通','度假','上衣','上衣43',180,80,14400,'红色,S:20||黑色,M:20||白色,L:20||灰色,XL:20','43',526,'夏三波'),(8,44,'普通','度假','上衣','上衣44',180,80,14400,'红色,S:20||黑色,M:20||白色,L:20||灰色,XL:20','44',527,'夏三波'),(8,45,'普通','度假','上衣','上衣45',180,80,14400,'红色,S:20||黑色,M:20||白色,L:20||灰色,XL:20','45',528,'夏三波'),(8,46,'普通','度假','上衣','上衣46',180,80,14400,'红色,S:20||黑色,M:20||白色,L:20||灰色,XL:20','46',529,'夏三波'),(8,47,'普通','度假','上衣','上衣47',180,80,14400,'红色,S:20||黑色,M:20||白色,L:20||灰色,XL:20','47',530,'夏三波'),(8,48,'普通','度假','上衣','上衣48',180,80,14400,'红色,S:20||黑色,M:20||白色,L:20||灰色,XL:20','48',531,'夏三波'),(8,49,'普通','度假','上衣','上衣49',180,80,14400,'红色,S:20||黑色,M:20||白色,L:20||灰色,XL:20','49',532,'夏三波'),(8,50,'普通','文艺','裙','裙50',180,80,14400,'红色,S:20||黑色,M:20||白色,L:20||灰色,XL:20','50',533,'秋二波'),(8,51,'普通','文艺','裙','裙51',180,80,14400,'红色,S:20||黑色,M:20||白色,L:20||灰色,XL:20','51',534,'秋二波'),(8,52,'普通','文艺','裙','裙52',180,80,14400,'红色,S:20||黑色,M:20||白色,L:20||灰色,XL:20','52',535,'秋二波'),(8,53,'普通','文艺','裙','裙53',180,80,14400,'红色,S:20||黑色,M:20||白色,L:20||灰色,XL:20','53',536,'秋二波'),(8,54,'普通','文艺','裙','裙54',180,80,14400,'红色,S:20||黑色,M:20||白色,L:20||灰色,XL:20','54',537,'秋二波'),(8,55,'普通','文艺','裙','裙55',180,80,14400,'红色,S:20||黑色,M:20||白色,L:20||灰色,XL:20','55',538,'秋二波'),(8,56,'普通','文艺','裙','裙56',180,80,14400,'红色,S:20||黑色,M:20||白色,L:20||灰色,XL:20','56',539,'秋二波'),(8,57,'普通','文艺','裙','裙57',180,80,14400,'红色,S:20||黑色,M:20||白色,L:20||灰色,XL:20','57',540,'秋二波'),(8,58,'普通','文艺','裙','裙58',180,80,14400,'红色,S:20||黑色,M:20||白色,L:20||灰色,XL:20','58',541,'秋二波'),(8,59,'普通','文艺','裙','裙59',180,80,14400,'红色,S:20||黑色,M:20||白色,L:20||灰色,XL:20','59',542,'秋二波'),(8,60,'必订','文艺','裙','裙60',180,80,14400,'红色,S:20||黑色,M:20||白色,L:20||灰色,XL:20','60',543,'秋二波'),(8,61,'必订','文艺','裙','裙61',180,80,14400,'红色,S:20||黑色,M:20||白色,L:20||灰色,XL:20','61',544,'秋二波'),(8,62,'必订','文艺','裙','裙62',180,80,14400,'红色,S:20||黑色,M:20||白色,L:20||灰色,XL:20','62',545,'秋二波'),(8,63,'必订','文艺','裙','裙63',180,80,14400,'红色,S:20||黑色,M:20||白色,L:20||灰色,XL:20','63',546,'秋二波'),(8,64,'必订','文艺','裙','裙64',180,80,14400,'红色,S:20||黑色,M:20||白色,L:20||灰色,XL:20','64',547,'秋二波'),(8,65,'必订','文艺','裙','裙65',180,80,14400,'红色,S:20||黑色,M:20||白色,L:20||灰色,XL:20','65',548,'秋二波'),(8,66,'必订','文艺','裙','裙66',180,80,14400,'红色,S:20||黑色,M:20||白色,L:20||灰色,XL:20','66',549,'秋二波'),(8,67,'必订','文艺','裙','裙67',180,80,14400,'红色,S:20||黑色,M:20||白色,L:20||灰色,XL:20','67',550,'秋二波'),(8,68,'必订','文艺','裙','裙68',180,80,14400,'红色,S:20||黑色,M:20||白色,L:20||灰色,XL:20','68',551,'秋二波'),(8,69,'必订','文艺','裙','裙69',180,80,14400,'红色,S:20||黑色,M:20||白色,L:20||灰色,XL:20','69',552,'秋二波'),(8,70,'必订','文艺','裙','裙70',180,80,14400,'红色,S:20||黑色,M:20||白色,L:20||灰色,XL:20','70',553,'秋二波'),(8,71,'必订','文艺','裙','裙71',180,80,14400,'红色,S:20||黑色,M:20||白色,L:20||灰色,XL:20','71',554,'秋二波'),(8,72,'必订','文艺','裙','裙72',180,80,14400,'红色,S:20||黑色,M:20||白色,L:20||灰色,XL:20','72',555,'秋二波'),(8,73,'必订','文艺','裙','裙73',180,80,14400,'红色,S:20||黑色,M:20||白色,L:20||灰色,XL:20','73',556,'秋二波'),(8,74,'必订','文艺','裙','裙74',180,80,14400,'红色,S:20||黑色,M:20||白色,L:20||灰色,XL:20','74',557,'秋二波'),(8,75,'必订','文艺','裙','裙75',180,80,14400,'红色,S:20||黑色,M:20||白色,L:20||灰色,XL:20','75',558,'秋二波'),(8,76,'必订','文艺','裙','裙76',180,80,14400,'红色,S:20||黑色,M:20||白色,L:20||灰色,XL:20','76',559,'秋二波'),(8,77,'必订','文艺','裙','裙77',180,80,14400,'红色,S:20||黑色,M:20||白色,L:20||灰色,XL:20','77',560,'秋二波'),(8,78,'必订','文艺','裙','裙78',180,80,14400,'红色,S:20||黑色,M:20||白色,L:20||灰色,XL:20','78',561,'秋二波'),(8,79,'必订','文艺','裙','裙79',180,80,14400,'红色,S:20||黑色,M:20||白色,L:20||灰色,XL:20','79',562,'秋二波'),(8,80,'必订','文艺','裙','裙80',180,80,14400,'红色,S:20||黑色,M:20||白色,L:20||灰色,XL:20','80',563,'秋二波'),(8,81,'必订','文艺','裙','裙81',180,80,14400,'红色,S:20||黑色,M:20||白色,L:20||灰色,XL:20','81',564,'秋二波'),(8,82,'必订','文艺','裙','裙82',180,80,14400,'红色,S:20||黑色,M:20||白色,L:20||灰色,XL:20','82',565,'秋二波'),(8,83,'必订','文艺','裙','裙83',180,80,14400,'红色,S:20||黑色,M:20||白色,L:20||灰色,XL:20','83',566,'秋二波'),(8,84,'必订','文艺','裙','裙84',180,80,14400,'红色,S:20||黑色,M:20||白色,L:20||灰色,XL:20','84',567,'秋二波'),(8,85,'必订','文艺','裙','裙85',180,80,14400,'红色,S:20||黑色,M:20||白色,L:20||灰色,XL:20','85',568,'秋二波'),(8,86,'必订','文艺','裙','裙86',180,80,14400,'红色,S:20||黑色,M:20||白色,L:20||灰色,XL:20','86',569,'秋二波'),(8,87,'必订','文艺','裙','裙87',180,80,14400,'红色,S:20||黑色,M:20||白色,L:20||灰色,XL:20','87',570,'秋二波'),(8,88,'必订','文艺','裙','裙88',180,80,14400,'红色,S:20||黑色,M:20||白色,L:20||灰色,XL:20','88',571,'秋二波'),(8,89,'必订','文艺','裙','裙89',180,80,14400,'红色,S:20||黑色,M:20||白色,L:20||灰色,XL:20','89',572,'秋二波'),(8,90,'必订','文艺','裙','裙90',180,80,14400,'红色,S:20||黑色,M:20||白色,L:20||灰色,XL:20','90',573,'秋二波'),(2,2,'推广','家具','柜','百灵台2',5000,114,570000,'花梨色,直径90:45||花梨色,直径80:12||乌木色,直径90:45||乌木色,直径80:12','2',574,'橡木'),(2,4,'推广','家具','桌','百灵台4',5000,110,550000,'花梨色,直径90:32||花梨色,直径80:23||乌木色,直径90:32||乌木色,直径80:23','4',575,'橡木'),(2,5,'普通','家具','柜','百灵台',5000,70,350000,'花梨色,直径90:12||花梨色,直径80:23||乌木色,直径90:12||乌木色,直径80:23','5',576,'橡木');
/*!40000 ALTER TABLE `all_orders` ENABLE KEYS */;
UNLOCK TABLES;

--
-- Table structure for table `all_orders_backup`
--

DROP TABLE IF EXISTS `all_orders_backup`;
/*!40101 SET @saved_cs_client     = @@character_set_client */;
/*!40101 SET character_set_client = utf8 */;
CREATE TABLE `all_orders_backup` (
  `CustomerId` int(11) NOT NULL,
  `ProductId` int(11) NOT NULL,
  `ProductCode` varchar(20) NOT NULL,
  `ProductType` varchar(20) NOT NULL,
  `ProductSerial` varchar(20) NOT NULL,
  `ProductClass` varchar(45) NOT NULL,
  `ProductName` varchar(20) NOT NULL,
  `ProductPrice` int(11) NOT NULL,
  `UserOrderNumber` int(11) NOT NULL,
  `UserOrderAmount` int(11) NOT NULL,
  `UserOrderDetails` varchar(50) NOT NULL,
  `id` int(11) NOT NULL AUTO_INCREMENT,
  PRIMARY KEY (`id`)
) ENGINE=InnoDB AUTO_INCREMENT=82 DEFAULT CHARSET=utf8;
/*!40101 SET character_set_client = @saved_cs_client */;

--
-- Dumping data for table `all_orders_backup`
--

LOCK TABLES `all_orders_backup` WRITE;
/*!40000 ALTER TABLE `all_orders_backup` DISABLE KEYS */;
INSERT INTO `all_orders_backup` VALUES (3,90,'90','必订','家具','桌','百灵台',5000,60,300000,'花梨色,直径80:40||花梨色,直径90:20',1),(8,25,'25','必订','家具','桌','百灵台',5000,60,300000,'花梨色,直径80:40||花梨色,直径90:20',3),(8,26,'26','必订','家具','桌','百灵台',5000,60,300000,'花梨色,直径80:40||花梨色,直径90:20',4),(8,27,'27','必订','家具','桌','百灵台',5000,60,300000,'花梨色,直径80:40||花梨色,直径90:20',5),(8,28,'28','必订','家具','桌','百灵台',5000,60,300000,'花梨色,直径80:40||花梨色,直径90:20',6),(8,29,'29','必订','家具','桌','百灵台',5000,60,300000,'花梨色,直径80:40||花梨色,直径90:20',7),(8,30,'30','推广','家具','桌','百灵台',5000,60,300000,'花梨色,直径80:40||花梨色,直径90:20',8),(8,31,'31','推广','家具','桌','百灵台',5000,60,300000,'花梨色,直径80:40||花梨色,直径90:20',9),(8,32,'32','推广','家具','桌','百灵台',5000,60,300000,'花梨色,直径80:40||花梨色,直径90:20',10),(8,33,'33','推广','家具','桌','百灵台',5000,60,300000,'花梨色,直径80:40||花梨色,直径90:20',11),(8,34,'34','必订','家具','桌','百灵台',5000,60,300000,'花梨色,直径80:40||花梨色,直径90:20',12),(8,35,'35','必订','家具','桌','百灵台',5000,60,300000,'花梨色,直径80:40||花梨色,直径90:20',13),(8,36,'36','必订','家具','桌','百灵台',5000,60,300000,'花梨色,直径80:40||花梨色,直径90:20',14),(8,37,'37','必订','家具','桌','百灵台',5000,60,300000,'花梨色,直径80:40||花梨色,直径90:20',15),(8,38,'38','必订','家具','桌','百灵台',5000,60,300000,'花梨色,直径80:40||花梨色,直径90:20',16),(8,39,'39','必订','家具','桌','百灵台',5000,60,300000,'花梨色,直径80:40||花梨色,直径90:20',17),(8,40,'40','必订','家具','桌','百灵台',5000,60,300000,'花梨色,直径80:40||花梨色,直径90:20',18),(8,41,'41','普通','家具','桌','百灵台',5000,60,300000,'花梨色,直径80:40||花梨色,直径90:20',19),(8,42,'42','普通','家具','桌','百灵台',5000,60,300000,'花梨色,直径80:40||花梨色,直径90:20',20),(8,43,'43','普通','家具','桌','百灵台',5000,60,300000,'花梨色,直径80:40||花梨色,直径90:20',21),(8,44,'44','普通','家具','桌','百灵台',5000,60,300000,'花梨色,直径80:40||花梨色,直径90:20',22),(8,45,'45','普通','家具','桌','百灵台',5000,60,300000,'花梨色,直径80:40||花梨色,直径90:20',23),(8,46,'46','普通','家具','桌','百灵台',5000,60,300000,'花梨色,直径80:40||花梨色,直径90:20',24),(8,47,'47','普通','家具','桌','百灵台',5000,60,300000,'花梨色,直径80:40||花梨色,直径90:20',25),(8,48,'48','普通','家具','桌','百灵台',5000,60,300000,'花梨色,直径80:40||花梨色,直径90:20',26),(8,49,'49','普通','家具','桌','百灵台',5000,60,300000,'花梨色,直径80:40||花梨色,直径90:20',27),(8,50,'50','普通','家具','桌','百灵台',5000,60,300000,'花梨色,直径80:40||花梨色,直径90:20',28),(8,51,'51','普通','家具','桌','百灵台',5000,60,300000,'花梨色,直径80:40||花梨色,直径90:20',29),(8,52,'52','普通','家具','桌','百灵台',5000,60,300000,'花梨色,直径80:40||花梨色,直径90:20',30),(8,53,'53','普通','家具','桌','百灵台',5000,60,300000,'花梨色,直径80:40||花梨色,直径90:20',31),(8,54,'54','普通','家具','桌','百灵台',5000,60,300000,'花梨色,直径80:40||花梨色,直径90:20',32),(8,55,'55','普通','家具','桌','百灵台',5000,60,300000,'花梨色,直径80:40||花梨色,直径90:20',33),(8,56,'56','普通','家具','桌','百灵台',5000,60,300000,'花梨色,直径80:40||花梨色,直径90:20',34),(8,57,'57','普通','家具','桌','百灵台',5000,60,300000,'花梨色,直径80:40||花梨色,直径90:20',35),(8,58,'58','普通','家具','桌','百灵台',5000,60,300000,'花梨色,直径80:40||花梨色,直径90:20',36),(8,59,'59','普通','家具','桌','百灵台',5000,60,300000,'花梨色,直径80:40||花梨色,直径90:20',37),(8,60,'60','必订','家具','桌','百灵台',5000,60,300000,'花梨色,直径80:40||花梨色,直径90:20',38),(8,61,'61','必订','家具','桌','百灵台',5000,60,300000,'花梨色,直径80:40||花梨色,直径90:20',39),(8,62,'62','必订','家具','桌','百灵台',5000,60,300000,'花梨色,直径80:40||花梨色,直径90:20',40),(8,63,'63','必订','家具','桌','百灵台',5000,60,300000,'花梨色,直径80:40||花梨色,直径90:20',41),(8,64,'64','必订','家具','桌','百灵台',5000,60,300000,'花梨色,直径80:40||花梨色,直径90:20',42),(8,65,'65','必订','家具','桌','百灵台',5000,60,300000,'花梨色,直径80:40||花梨色,直径90:20',43),(8,66,'66','必订','家具','桌','百灵台',5000,60,300000,'花梨色,直径80:40||花梨色,直径90:20',44),(8,67,'67','必订','家具','桌','百灵台',5000,60,300000,'花梨色,直径80:40||花梨色,直径90:20',45),(8,68,'68','必订','家具','桌','百灵台',5000,60,300000,'花梨色,直径80:40||花梨色,直径90:20',46),(8,69,'69','必订','家具','桌','百灵台',5000,60,300000,'花梨色,直径80:40||花梨色,直径90:20',47),(8,70,'70','必订','家具','桌','百灵台',5000,60,300000,'花梨色,直径80:40||花梨色,直径90:20',48),(8,71,'71','必订','家具','桌','百灵台',5000,60,300000,'花梨色,直径80:40||花梨色,直径90:20',49),(8,72,'72','必订','家具','桌','百灵台',5000,60,300000,'花梨色,直径80:40||花梨色,直径90:20',50),(8,73,'73','必订','家具','桌','百灵台',5000,60,300000,'花梨色,直径80:40||花梨色,直径90:20',51),(8,74,'74','必订','家具','桌','百灵台',5000,60,300000,'花梨色,直径80:40||花梨色,直径90:20',52),(8,75,'75','必订','家具','桌','百灵台',5000,60,300000,'花梨色,直径80:40||花梨色,直径90:20',53),(8,76,'76','必订','家具','桌','百灵台',5000,60,300000,'花梨色,直径80:40||花梨色,直径90:20',54),(8,77,'77','必订','家具','桌','百灵台',5000,60,300000,'花梨色,直径80:40||花梨色,直径90:20',55),(8,78,'78','必订','家具','桌','百灵台',5000,60,300000,'花梨色,直径80:40||花梨色,直径90:20',56),(8,79,'79','必订','家具','桌','百灵台',5000,60,300000,'花梨色,直径80:40||花梨色,直径90:20',57),(8,80,'80','必订','家具','桌','百灵台',5000,60,300000,'花梨色,直径80:40||花梨色,直径90:20',58),(8,81,'81','必订','家具','桌','百灵台',5000,60,300000,'花梨色,直径80:40||花梨色,直径90:20',59),(8,82,'82','必订','家具','桌','百灵台',5000,60,300000,'花梨色,直径80:40||花梨色,直径90:20',60),(8,83,'83','必订','家具','桌','百灵台',5000,60,300000,'花梨色,直径80:40||花梨色,直径90:20',61),(8,84,'84','必订','家具','桌','百灵台',5000,60,300000,'花梨色,直径80:40||花梨色,直径90:20',62),(8,85,'85','必订','家具','桌','百灵台',5000,60,300000,'花梨色,直径80:40||花梨色,直径90:20',63),(8,86,'86','必订','家具','桌','百灵台',5000,60,300000,'花梨色,直径80:40||花梨色,直径90:20',64),(8,87,'87','必订','家具','桌','百灵台',5000,60,300000,'花梨色,直径80:40||花梨色,直径90:20',65),(8,88,'88','必订','家具','桌','百灵台',5000,60,300000,'花梨色,直径80:40||花梨色,直径90:20',66),(8,89,'89','必订','家具','桌','百灵台',5000,60,300000,'花梨色,直径80:40||花梨色,直径90:20',67),(8,90,'90','必订','家具','桌','百灵台',5000,60,300000,'花梨色,直径80:40||花梨色,直径90:20',68),(8,12,'12','必订','家具','桌','百灵台',5000,60,300000,'花梨色,直径80:40||花梨色,直径90:20',69),(8,13,'13','必订','家具','桌','百灵台',5000,60,300000,'花梨色,直径80:40||花梨色,直径90:20',70),(8,14,'14','必订','家具','桌','百灵台',5000,60,300000,'花梨色,直径80:40||花梨色,直径90:20',71),(8,15,'15','必订','家具','桌','百灵台',5000,60,300000,'花梨色,直径80:40||花梨色,直径90:20',72),(8,16,'16','必订','家具','桌','百灵台',5000,60,300000,'花梨色,直径80:40||花梨色,直径90:20',73),(8,17,'17','必订','家具','桌','百灵台',5000,60,300000,'花梨色,直径80:40||花梨色,直径90:20',74),(8,18,'18','必订','家具','桌','百灵台',5000,60,300000,'花梨色,直径80:40||花梨色,直径90:20',75),(8,19,'19','必订','家具','桌','百灵台',5000,60,300000,'花梨色,直径80:40||花梨色,直径90:20',76),(8,20,'20','必订','家具','桌','百灵台',5000,60,300000,'花梨色,直径80:40||花梨色,直径90:20',77),(8,21,'21','必订','家具','桌','百灵台',5000,60,300000,'花梨色,直径80:40||花梨色,直径90:20',78),(8,22,'22','必订','家具','桌','百灵台',5000,60,300000,'花梨色,直径80:40||花梨色,直径90:20',79),(8,23,'23','必订','家具','桌','百灵台',5000,60,300000,'花梨色,直径80:40||花梨色,直径90:20',80),(8,24,'24','必订','家具','桌','百灵台',5000,60,300000,'花梨色,直径80:40||花梨色,直径90:20',81);
/*!40000 ALTER TABLE `all_orders_backup` ENABLE KEYS */;
UNLOCK TABLES;

--
-- Table structure for table `auth_group`
--

DROP TABLE IF EXISTS `auth_group`;
/*!40101 SET @saved_cs_client     = @@character_set_client */;
/*!40101 SET character_set_client = utf8 */;
CREATE TABLE `auth_group` (
  `id` int(11) NOT NULL AUTO_INCREMENT,
  `name` varchar(80) NOT NULL,
  PRIMARY KEY (`id`),
  UNIQUE KEY `name` (`name`)
) ENGINE=InnoDB AUTO_INCREMENT=3 DEFAULT CHARSET=utf8;
/*!40101 SET character_set_client = @saved_cs_client */;

--
-- Dumping data for table `auth_group`
--

LOCK TABLES `auth_group` WRITE;
/*!40000 ALTER TABLE `auth_group` DISABLE KEYS */;
INSERT INTO `auth_group` VALUES (2,'admin'),(1,'administrator');
/*!40000 ALTER TABLE `auth_group` ENABLE KEYS */;
UNLOCK TABLES;

--
-- Table structure for table `auth_group_permissions`
--

DROP TABLE IF EXISTS `auth_group_permissions`;
/*!40101 SET @saved_cs_client     = @@character_set_client */;
/*!40101 SET character_set_client = utf8 */;
CREATE TABLE `auth_group_permissions` (
  `id` int(11) NOT NULL AUTO_INCREMENT,
  `group_id` int(11) NOT NULL,
  `permission_id` int(11) NOT NULL,
  PRIMARY KEY (`id`),
  UNIQUE KEY `group_id` (`group_id`,`permission_id`),
  KEY `auth_group_permissions_5f412f9a` (`group_id`),
  KEY `auth_group_permissions_83d7f98b` (`permission_id`),
  CONSTRAINT `group_id_refs_id_f4b32aac` FOREIGN KEY (`group_id`) REFERENCES `auth_group` (`id`),
  CONSTRAINT `permission_id_refs_id_6ba0f519` FOREIGN KEY (`permission_id`) REFERENCES `auth_permission` (`id`)
) ENGINE=InnoDB AUTO_INCREMENT=349 DEFAULT CHARSET=utf8;
/*!40101 SET character_set_client = @saved_cs_client */;

--
-- Dumping data for table `auth_group_permissions`
--

LOCK TABLES `auth_group_permissions` WRITE;
/*!40000 ALTER TABLE `auth_group_permissions` DISABLE KEYS */;
INSERT INTO `auth_group_permissions` VALUES (1,1,10),(2,1,11),(3,1,12),(316,2,50),(317,2,55),(318,2,56),(319,2,57),(320,2,58),(321,2,59),(322,2,60),(323,2,61),(324,2,62),(325,2,63),(326,2,64),(327,2,65),(328,2,66),(329,2,70),(330,2,71),(331,2,72),(332,2,74),(333,2,76),(334,2,77),(335,2,78),(336,2,79),(337,2,80),(338,2,81),(339,2,82),(340,2,83),(341,2,84),(342,2,86),(343,2,91),(344,2,92),(345,2,95),(346,2,100),(347,2,101),(348,2,102);
/*!40000 ALTER TABLE `auth_group_permissions` ENABLE KEYS */;
UNLOCK TABLES;

--
-- Table structure for table `auth_permission`
--

DROP TABLE IF EXISTS `auth_permission`;
/*!40101 SET @saved_cs_client     = @@character_set_client */;
/*!40101 SET character_set_client = utf8 */;
CREATE TABLE `auth_permission` (
  `id` int(11) NOT NULL AUTO_INCREMENT,
  `name` varchar(50) NOT NULL,
  `content_type_id` int(11) NOT NULL,
  `codename` varchar(100) NOT NULL,
  PRIMARY KEY (`id`),
  UNIQUE KEY `content_type_id` (`content_type_id`,`codename`),
  KEY `auth_permission_37ef4eb4` (`content_type_id`),
  CONSTRAINT `content_type_id_refs_id_d043b34a` FOREIGN KEY (`content_type_id`) REFERENCES `django_content_type` (`id`)
) ENGINE=InnoDB AUTO_INCREMENT=103 DEFAULT CHARSET=utf8;
/*!40101 SET character_set_client = @saved_cs_client */;

--
-- Dumping data for table `auth_permission`
--

LOCK TABLES `auth_permission` WRITE;
/*!40000 ALTER TABLE `auth_permission` DISABLE KEYS */;
INSERT INTO `auth_permission` VALUES (1,'Can add log entry',1,'add_logentry'),(2,'Can change log entry',1,'change_logentry'),(3,'Can delete log entry',1,'delete_logentry'),(4,'Can add permission',2,'add_permission'),(5,'Can change permission',2,'change_permission'),(6,'Can delete permission',2,'delete_permission'),(7,'Can add group',3,'add_group'),(8,'Can change group',3,'change_group'),(9,'Can delete group',3,'delete_group'),(10,'Can add user',4,'add_user'),(11,'Can change user',4,'change_user'),(12,'Can delete user',4,'delete_user'),(13,'Can add content type',5,'add_contenttype'),(14,'Can change content type',5,'change_contenttype'),(15,'Can delete content type',5,'delete_contenttype'),(16,'Can add session',6,'add_session'),(17,'Can change session',6,'change_session'),(18,'Can delete session',6,'delete_session'),(19,'Can add auth group',14,'add_authgroup'),(20,'Can change auth group',14,'change_authgroup'),(21,'Can delete auth group',14,'delete_authgroup'),(22,'Can add auth group permissions',15,'add_authgrouppermissions'),(23,'Can change auth group permissions',15,'change_authgrouppermissions'),(24,'Can delete auth group permissions',15,'delete_authgrouppermissions'),(25,'Can add auth permission',16,'add_authpermission'),(26,'Can change auth permission',16,'change_authpermission'),(27,'Can delete auth permission',16,'delete_authpermission'),(28,'Can add auth user',17,'add_authuser'),(29,'Can change auth user',17,'change_authuser'),(30,'Can delete auth user',17,'delete_authuser'),(31,'Can add auth user groups',18,'add_authusergroups'),(32,'Can change auth user groups',18,'change_authusergroups'),(33,'Can delete auth user groups',18,'delete_authusergroups'),(34,'Can add auth user user permissions',19,'add_authuseruserpermissions'),(35,'Can change auth user user permissions',19,'change_authuseruserpermissions'),(36,'Can delete auth user user permissions',19,'delete_authuseruserpermissions'),(37,'Can add diancang2 orders',20,'add_diancang2orders'),(38,'Can change diancang2 orders',20,'change_diancang2orders'),(39,'Can delete diancang2 orders',20,'delete_diancang2orders'),(40,'Can add django admin log',21,'add_djangoadminlog'),(41,'Can change django admin log',21,'change_djangoadminlog'),(42,'Can delete django admin log',21,'delete_djangoadminlog'),(43,'Can add django content type',22,'add_djangocontenttype'),(44,'Can change django content type',22,'change_djangocontenttype'),(45,'Can delete django content type',22,'delete_djangocontenttype'),(46,'Can add django session',23,'add_djangosession'),(47,'Can change django session',23,'change_djangosession'),(48,'Can delete django session',23,'delete_djangosession'),(49,'Can add fair info',8,'add_fairinfo'),(50,'Can change fair info',8,'change_fairinfo'),(51,'Can delete fair info',8,'delete_fairinfo'),(55,'Can add place display',24,'add_placedisplay'),(56,'Can change place display',24,'change_placedisplay'),(57,'Can delete place display',24,'delete_placedisplay'),(58,'Can add products',13,'add_products'),(59,'Can change products',13,'change_products'),(60,'Can delete products',13,'delete_products'),(61,'Can add matches',9,'add_matches'),(62,'Can change matches',9,'change_matches'),(63,'Can delete matches',9,'delete_matches'),(64,'Can add progress',12,'add_progress'),(65,'Can change progress',12,'change_progress'),(66,'Can delete progress',12,'delete_progress'),(67,'Can add showing product',25,'add_showingproduct'),(68,'Can change showing product',25,'change_showingproduct'),(69,'Can delete showing product',25,'delete_showingproduct'),(70,'Can add user info',10,'add_userinfo'),(71,'Can change user info',10,'change_userinfo'),(72,'Can delete user info',10,'delete_userinfo'),(73,'Can add all orders',7,'add_allorders'),(74,'Can change all orders',7,'change_allorders'),(75,'Can delete all orders',7,'delete_allorders'),(76,'Can add product image',26,'add_productimage'),(77,'Can change product image',26,'change_productimage'),(78,'Can delete product image',26,'delete_productimage'),(79,'Can add match product',27,'add_matchproduct'),(80,'Can change match product',27,'change_matchproduct'),(81,'Can delete match product',27,'delete_matchproduct'),(82,'Can add place display product',28,'add_placedisplayproduct'),(83,'Can change place display product',28,'change_placedisplayproduct'),(84,'Can delete place display product',28,'delete_placedisplayproduct'),(85,'Can add user order summary',30,'add_userordersummary'),(86,'Can change user order summary',30,'change_userordersummary'),(87,'Can delete user order summary',30,'delete_userordersummary'),(88,'Can add document',31,'add_document'),(89,'Can change document',31,'change_document'),(90,'Can delete document',31,'delete_document'),(91,'Can add order guide',32,'add_orderguide'),(92,'Can change order guide',32,'change_orderguide'),(93,'Can delete order guide',32,'delete_orderguide'),(94,'Can add products order summary',33,'add_productsordersummary'),(95,'Can change products order summary',33,'change_productsordersummary'),(96,'Can delete products order summary',33,'delete_productsordersummary'),(97,'Can add all orders backup',34,'add_allordersbackup'),(98,'Can change all orders backup',34,'change_allordersbackup'),(99,'Can delete all orders backup',34,'delete_allordersbackup'),(100,'Can add order guide user',35,'add_orderguideuser'),(101,'Can change order guide user',35,'change_orderguideuser'),(102,'Can delete order guide user',35,'delete_orderguideuser');
/*!40000 ALTER TABLE `auth_permission` ENABLE KEYS */;
UNLOCK TABLES;

--
-- Table structure for table `auth_user`
--

DROP TABLE IF EXISTS `auth_user`;
/*!40101 SET @saved_cs_client     = @@character_set_client */;
/*!40101 SET character_set_client = utf8 */;
CREATE TABLE `auth_user` (
  `id` int(11) NOT NULL AUTO_INCREMENT,
  `password` varchar(128) NOT NULL,
  `last_login` datetime NOT NULL,
  `is_superuser` tinyint(1) NOT NULL,
  `username` varchar(30) NOT NULL,
  `first_name` varchar(30) NOT NULL,
  `last_name` varchar(30) NOT NULL,
  `email` varchar(75) NOT NULL,
  `is_staff` tinyint(1) NOT NULL,
  `is_active` tinyint(1) NOT NULL,
  `date_joined` datetime NOT NULL,
  PRIMARY KEY (`id`),
  UNIQUE KEY `username` (`username`)
) ENGINE=InnoDB AUTO_INCREMENT=3 DEFAULT CHARSET=utf8;
/*!40101 SET character_set_client = @saved_cs_client */;

--
-- Dumping data for table `auth_user`
--

LOCK TABLES `auth_user` WRITE;
/*!40000 ALTER TABLE `auth_user` DISABLE KEYS */;
INSERT INTO `auth_user` VALUES (1,'pbkdf2_sha256$12000$6RBfIngdpbtY$fXCKL29F/d3qzeShyogkWG4jI079sxJm+t4WwpG6/FQ=','2014-03-09 08:47:18',1,'root','','','evely.zhang@163.com',1,1,'2014-01-31 10:23:04'),(2,'pbkdf2_sha256$12000$xGNrzSdc8wP2$uu6Z0dKmOmOnz5G356ccAMXHcwykzE7qqlyW0gZDXZs=','2014-03-20 03:26:36',0,'admin','','','',1,1,'2014-02-24 09:27:07');
/*!40000 ALTER TABLE `auth_user` ENABLE KEYS */;
UNLOCK TABLES;

--
-- Table structure for table `auth_user_groups`
--

DROP TABLE IF EXISTS `auth_user_groups`;
/*!40101 SET @saved_cs_client     = @@character_set_client */;
/*!40101 SET character_set_client = utf8 */;
CREATE TABLE `auth_user_groups` (
  `id` int(11) NOT NULL AUTO_INCREMENT,
  `user_id` int(11) NOT NULL,
  `group_id` int(11) NOT NULL,
  PRIMARY KEY (`id`),
  UNIQUE KEY `user_id` (`user_id`,`group_id`),
  KEY `auth_user_groups_6340c63c` (`user_id`),
  KEY `auth_user_groups_5f412f9a` (`group_id`),
  CONSTRAINT `group_id_refs_id_274b862c` FOREIGN KEY (`group_id`) REFERENCES `auth_group` (`id`),
  CONSTRAINT `user_id_refs_id_40c41112` FOREIGN KEY (`user_id`) REFERENCES `auth_user` (`id`)
) ENGINE=InnoDB AUTO_INCREMENT=11 DEFAULT CHARSET=utf8;
/*!40101 SET character_set_client = @saved_cs_client */;

--
-- Dumping data for table `auth_user_groups`
--

LOCK TABLES `auth_user_groups` WRITE;
/*!40000 ALTER TABLE `auth_user_groups` DISABLE KEYS */;
INSERT INTO `auth_user_groups` VALUES (8,1,1),(9,1,2),(10,2,2);
/*!40000 ALTER TABLE `auth_user_groups` ENABLE KEYS */;
UNLOCK TABLES;

--
-- Table structure for table `auth_user_user_permissions`
--

DROP TABLE IF EXISTS `auth_user_user_permissions`;
/*!40101 SET @saved_cs_client     = @@character_set_client */;
/*!40101 SET character_set_client = utf8 */;
CREATE TABLE `auth_user_user_permissions` (
  `id` int(11) NOT NULL AUTO_INCREMENT,
  `user_id` int(11) NOT NULL,
  `permission_id` int(11) NOT NULL,
  PRIMARY KEY (`id`),
  UNIQUE KEY `user_id` (`user_id`,`permission_id`),
  KEY `auth_user_user_permissions_6340c63c` (`user_id`),
  KEY `auth_user_user_permissions_83d7f98b` (`permission_id`),
  CONSTRAINT `permission_id_refs_id_35d9ac25` FOREIGN KEY (`permission_id`) REFERENCES `auth_permission` (`id`),
  CONSTRAINT `user_id_refs_id_4dc23c39` FOREIGN KEY (`user_id`) REFERENCES `auth_user` (`id`)
) ENGINE=InnoDB AUTO_INCREMENT=9 DEFAULT CHARSET=utf8;
/*!40101 SET character_set_client = @saved_cs_client */;

--
-- Dumping data for table `auth_user_user_permissions`
--

LOCK TABLES `auth_user_user_permissions` WRITE;
/*!40000 ALTER TABLE `auth_user_user_permissions` DISABLE KEYS */;
INSERT INTO `auth_user_user_permissions` VALUES (6,1,85),(7,1,86),(8,1,87);
/*!40000 ALTER TABLE `auth_user_user_permissions` ENABLE KEYS */;
UNLOCK TABLES;

--
-- Table structure for table `diancang2_orders`
--

DROP TABLE IF EXISTS `diancang2_orders`;
/*!40101 SET @saved_cs_client     = @@character_set_client */;
/*!40101 SET character_set_client = utf8 */;
CREATE TABLE `diancang2_orders` (
  `CustomerId` int(11) DEFAULT NULL COMMENT '买家编号',
  `ProductId` int(11) NOT NULL COMMENT '货品编号',
  `ProductStyle` varchar(20) NOT NULL COMMENT '货品款别 取值有：必定款，推广款，普通款',
  `ProductSerial` varchar(20) NOT NULL COMMENT '货品系列 取值有：办公，家具，装饰，收藏',
  `ProductClass` varchar(45) NOT NULL,
  `ProductName` varchar(20) NOT NULL COMMENT '货品名称',
  `ProductPrice` int(11) NOT NULL COMMENT '货品单价',
  `UserOrderNumber` int(11) NOT NULL COMMENT '订货的件数',
  `UserOrderAmount` int(11) NOT NULL COMMENT '订货金额',
  `UserOrderDetails` varchar(50) NOT NULL COMMENT '订货详情 取值有：花梨色+直径80：30，花梨色+直径90:60',
  UNIQUE KEY `ProductId_UNIQUE` (`ProductId`),
  KEY `IDX_DianCang1ers_ProductSeial` (`ProductSerial`),
  KEY `IDX_DianCang1ers_ProductClass` (`ProductClass`),
  KEY `IDX_DianCang1ers_ProductType` (`ProductStyle`)
) ENGINE=InnoDB DEFAULT CHARSET=utf8 COMMENT='买家1的订单 建立店仓信息时，就为该店仓初始化一张这样的表，店仓提交订单时，只修改这张表的数据，相应的其它表中的数据由服';
/*!40101 SET character_set_client = @saved_cs_client */;

--
-- Dumping data for table `diancang2_orders`
--

LOCK TABLES `diancang2_orders` WRITE;
/*!40000 ALTER TABLE `diancang2_orders` DISABLE KEYS */;
INSERT INTO `diancang2_orders` VALUES (2,2,'必定款','家具','桌','琴桌',5000,200,200,'aes'),(2,3,'普通','家具','桌','百灵台',5000,90,45000,'花梨色,直径80:30||花梨色,直径90:60'),(2,4,'推广','家具','桌','百灵台',5000,90,45000,'花梨色,直径80:30||花梨色,直径90:60'),(2,5,'普通','家具','桌','百灵台',5000,90,45000,'花梨色,直径80:30||花梨色,直径90:60'),(2,6,'必订','家具','桌','百灵台',5000,90,45000,'花梨色,直径80:30||花梨色,直径90:60'),(2,7,'必订','家具','桌','百灵台',5000,90,45000,'花梨色,直径80:30||花梨色,直径90:60'),(2,8,'必订','家具','桌','百灵台',5000,90,45000,'花梨色,直径80:30||花梨色,直径90:60'),(2,9,'必订','家具','桌','百灵台',5000,90,45000,'花梨色,直径80:30||花梨色,直径90:60'),(2,10,'必订','家具','桌','百灵台',5000,90,45000,'花梨色,直径80:30||花梨色,直径90:60'),(2,11,'必订','家具','桌','百灵台',5000,90,45000,'花梨色,直径80:30||花梨色,直径90:60');
/*!40000 ALTER TABLE `diancang2_orders` ENABLE KEYS */;
UNLOCK TABLES;

--
-- Table structure for table `django_admin_log`
--

DROP TABLE IF EXISTS `django_admin_log`;
/*!40101 SET @saved_cs_client     = @@character_set_client */;
/*!40101 SET character_set_client = utf8 */;
CREATE TABLE `django_admin_log` (
  `id` int(11) NOT NULL AUTO_INCREMENT,
  `action_time` datetime NOT NULL,
  `user_id` int(11) NOT NULL,
  `content_type_id` int(11) DEFAULT NULL,
  `object_id` longtext,
  `object_repr` varchar(200) NOT NULL,
  `action_flag` smallint(5) unsigned NOT NULL,
  `change_message` longtext NOT NULL,
  PRIMARY KEY (`id`),
  KEY `django_admin_log_6340c63c` (`user_id`),
  KEY `django_admin_log_37ef4eb4` (`content_type_id`),
  CONSTRAINT `content_type_id_refs_id_93d2d1f8` FOREIGN KEY (`content_type_id`) REFERENCES `django_content_type` (`id`),
  CONSTRAINT `user_id_refs_id_c0d12874` FOREIGN KEY (`user_id`) REFERENCES `auth_user` (`id`)
) ENGINE=InnoDB AUTO_INCREMENT=203 DEFAULT CHARSET=utf8;
/*!40101 SET character_set_client = @saved_cs_client */;

--
-- Dumping data for table `django_admin_log`
--

LOCK TABLES `django_admin_log` WRITE;
/*!40000 ALTER TABLE `django_admin_log` DISABLE KEYS */;
INSERT INTO `django_admin_log` VALUES (1,'2014-02-02 12:15:09',1,3,'1','administrator',1,''),(2,'2014-02-02 12:15:26',1,4,'1','admin',2,'Changed groups.'),(4,'2014-02-02 14:39:14',1,10,'5','UserInfo object',2,'Changed budgetid.'),(5,'2014-02-03 06:09:49',1,12,'None','Progress object',1,''),(6,'2014-02-03 06:13:01',1,12,'None','Progress object',1,''),(7,'2014-02-03 06:13:32',1,12,'None','Progress object',1,''),(8,'2014-02-03 06:33:57',1,12,'3','Progress object',3,''),(9,'2014-02-03 06:34:08',1,12,'4','Progress object',3,''),(10,'2014-02-03 06:54:19',1,12,'5','Progress object',2,'Changed ison.'),(11,'2014-02-03 06:54:24',1,12,'5','Progress object',2,'Changed ison.'),(12,'2014-02-03 06:54:37',1,12,'5','Progress object',2,'Changed ison.'),(13,'2014-02-03 06:54:51',1,12,'5','Progress object',2,'Changed ison.'),(14,'2014-02-03 07:09:22',1,12,'None','Progress object',1,''),(15,'2014-02-03 07:16:12',1,12,'6','Progress object',2,'Changed ison.'),(16,'2014-02-03 07:16:12',1,12,'5','Progress object',2,'Changed showproductid.'),(17,'2014-02-03 07:20:50',1,12,'5','Progress object',2,'Changed showproductid.'),(18,'2014-02-03 08:12:30',1,12,'5','Progress object',2,'Changed showproductid.'),(19,'2014-02-03 08:13:38',1,13,'111','111||百灵台||None',2,'Changed matchesid.'),(20,'2014-02-03 10:03:48',1,12,'6','Progress object',3,''),(21,'2014-02-03 13:40:15',1,3,'2','DianCang',1,''),(22,'2014-02-03 13:40:25',1,4,'1','admin',2,'Changed groups.'),(23,'2014-02-04 14:29:50',1,13,'111','111||百灵台||',2,'Changed firstpicture.'),(24,'2014-02-04 14:34:02',1,13,'111','111||百灵台||',2,'Changed firstpicture.'),(25,'2014-02-04 14:40:57',1,13,'111','111||百灵台||',2,'Changed firstpicture.'),(26,'2014-02-04 14:42:44',1,13,'111','111||百灵台||',2,'Changed firstpicture.'),(27,'2014-02-05 06:54:06',1,13,'111','111||百灵台||111',2,'已修改 productcode 。'),(28,'2014-02-05 06:55:06',1,13,'111','111||百灵台||111',2,'没有字段被修改。'),(29,'2014-02-05 06:56:42',1,13,'111','111||百灵台111||111',2,'已修改 productname 。'),(30,'2014-02-05 06:57:17',1,13,'111','111||百灵台111||111',2,'没有字段被修改。'),(31,'2014-02-05 06:57:35',1,13,'111','111||百灵台111||111',2,'已修改 firstpicture 。'),(32,'2014-02-05 07:00:11',1,13,'111','111||百灵台111||b111',2,'已修改 productcode 和 firstpicture 。'),(33,'2014-02-05 13:13:02',1,13,'111','111||百灵台111||b111',2,'已修改 firstpicture 。'),(34,'2014-02-05 14:31:30',1,13,'111','111||百灵台111||b111',2,'已添加 product image \"ProductImage object\". 已添加 product image \"ProductImage object\". 已添加 product image \"ProductImage object\". 已添加 product image \"ProductImage object\".'),(35,'2014-02-05 14:57:04',1,13,'111','111||百灵台111||b111',2,'已变更 image for product image \"ProductImage object\".'),(36,'2014-02-05 15:00:37',1,13,'111','111||百灵台111||b111',2,'已变更 image for product image \"ProductImage object\".'),(37,'2014-02-05 15:02:42',1,13,'111','111||百灵台111||b111',2,'已变更 image for product image \"ProductImage object\".'),(38,'2014-02-05 15:09:13',1,13,'111','111||百灵台111||b111',2,'已变更 image for product image \"ProductImage object\".'),(39,'2014-02-06 07:39:57',1,13,'111','111||百灵台111||b111',2,'已变更 image for product image \"ProductImage object\".'),(40,'2014-02-06 08:50:51',1,13,'111','111||百灵台111||b111',2,'已变更 image for product image \"ProductImage object\".'),(41,'2014-02-06 09:24:13',1,13,'111','111||百灵台111||b111',2,'已变更 image for product image \"ProductImage object\".'),(42,'2014-02-07 08:17:12',1,13,'111','111||百灵台111||b111',2,'已变更 image for product image \"ProductImage object\".'),(43,'2014-02-07 08:39:57',1,13,'111','111||百灵台111||b111',2,'已添加 product image \"ProductImage object\". 已变更 image for product image \"ProductImage object\". 已删除 product image \"ProductImage object\". 已删除 product image \"ProductImage object\".'),(44,'2014-02-07 08:41:07',1,13,'111','111||百灵台111||b111',2,'已删除 product image \"ProductImage object\". 已删除 product image \"ProductImage object\". 已删除 product image \"ProductImage object\".'),(45,'2014-02-09 15:47:14',1,13,'111','111||百灵台111||b111',2,'已添加 product image \"ProductImage object\". 已添加 product image \"ProductImage object\".'),(46,'2014-02-09 15:58:11',1,9,'1','餐椅5件套||餐椅5件套',2,'已添加 match products \"MatchProducts object\". 已添加 match products \"MatchProducts object\". 已添加 match products \"MatchProducts object\".'),(47,'2014-02-09 16:01:20',1,9,'1','餐椅5件套||餐椅5件套',2,'没有字段被修改。'),(48,'2014-02-09 16:01:35',1,9,'1','餐椅5件套||餐椅5件套',2,'已删除 match products \"MatchProducts object\".'),(49,'2014-02-09 16:03:54',1,9,'1','餐椅5件套||餐椅5件套',2,'已添加 match products \"MatchProducts object\".'),(50,'2014-02-10 09:01:25',1,13,'111','111||百灵台111||111',2,'没有字段被修改。'),(51,'2014-02-10 09:22:19',1,13,'111','111||百灵台111||111',2,'已添加 product image \"ProductImage object\". 已变更 image for product image \"ProductImage object\".'),(52,'2014-02-10 09:26:53',1,13,'111','111||百灵台111||111',2,'已变更 image for product image \"ProductImage object\". 已变更 image for product image \"ProductImage object\".'),(53,'2014-02-10 09:32:45',1,13,'111','111||百灵台111||111',2,'已变更 image for product image \"ProductImage object\".'),(54,'2014-02-10 09:36:26',1,13,'111','111||百灵台111||111',2,'已变更 image for product image \"ProductImage object\".'),(55,'2014-02-10 09:39:06',1,13,'111','111||百灵台111||111',2,'已添加 product image \"ProductImage object\". 已变更 image for product image \"ProductImage object\".'),(56,'2014-02-10 09:45:12',1,13,'111','111||百灵台111||111',2,'已删除 product image \"ProductImage object\".'),(57,'2014-02-10 09:47:28',1,13,'111','111||百灵台111||111',2,'已删除 product image \"ProductImage object\".'),(58,'2014-02-10 09:49:28',1,13,'111','111||百灵台111||111',2,'已添加 product image \"ProductImage object\". 已变更 image for product image \"ProductImage object\".'),(59,'2014-02-10 09:49:43',1,13,'111','111||百灵台111||111',2,'已删除 product image \"ProductImage object\".'),(60,'2014-02-10 09:55:42',1,13,'110','110||百灵台||110',2,'已变更 image for product image \"ProductImage object\". 已变更 image for product image \"ProductImage object\". 已变更 image for product image \"ProductImage object\".'),(61,'2014-02-10 10:04:35',1,13,'110','110||百灵台||110',2,'已变更 image for product image \"ProductImage object\".'),(62,'2014-02-10 10:39:38',1,13,'110','110||百灵台||110',2,'已变更 image for product image \"ProductImage object\".'),(63,'2014-02-10 10:42:13',1,13,'109','109||百灵台||109',2,'已变更 image for product image \"ProductImage object\".'),(64,'2014-02-10 11:01:19',1,13,'109','109||百灵台||109',2,'已变更 image for product image \"ProductImage object\".'),(65,'2014-02-10 11:04:28',1,13,'109','109||百灵台||109',2,'已变更 image for product image \"ProductImage object\".'),(66,'2014-02-10 11:05:25',1,13,'109','109||百灵台||109',2,'已变更 image for product image \"ProductImage object\". 已变更 image for product image \"ProductImage object\".'),(67,'2014-02-10 11:07:41',1,13,'110','110||百灵台||110',2,'已变更 image for product image \"ProductImage object\". 已变更 image for product image \"ProductImage object\".'),(68,'2014-02-10 11:13:35',1,13,'110','110||百灵台||110',2,'已变更 image for product image \"ProductImage object\". 已变更 image for product image \"ProductImage object\".'),(69,'2014-02-10 11:15:25',1,13,'110','110||百灵台||110',2,'已变更 image for product image \"ProductImage object\".'),(70,'2014-02-10 11:21:00',1,13,'110','110||百灵台||110',2,'已变更 image for product image \"ProductImage object\".'),(71,'2014-02-10 11:22:35',1,13,'108','108||百灵台||108',2,'已变更 image for product image \"ProductImage object\".'),(72,'2014-02-10 11:23:10',1,13,'107','107||百灵台||107',2,'已变更 image for product image \"ProductImage object\".'),(73,'2014-02-10 11:33:34',1,13,'106','106||百灵台||106',2,'已变更 image for product image \"ProductImage object\".'),(74,'2014-02-10 11:35:13',1,13,'61','61||百灵台||61',2,'已修改 deleted 。'),(75,'2014-02-10 11:35:50',1,13,'112','112||琴桌||q001',1,''),(76,'2014-02-10 11:36:52',1,13,'112','112||琴桌||q001',2,'已添加 product image \"ProductImage object\". 已添加 product image \"ProductImage object\". 已添加 product image \"ProductImage object\".'),(77,'2014-02-10 11:39:04',1,13,'112','112||琴桌||q001',2,'已变更 image for product image \"ProductImage object\". 已变更 image for product image \"ProductImage object\". 已变更 image for product image \"ProductImage object\".'),(78,'2014-02-10 15:56:00',1,9,'3','餐椅5件套||餐椅5件套',2,'已修改 matchpicture 。'),(79,'2014-02-10 16:09:42',1,9,'3','餐椅5件套||餐椅5件套',2,'已修改 matchpicture 。'),(80,'2014-02-10 16:14:03',1,9,'3','餐椅5件套||餐椅5件套',2,'没有字段被修改。'),(81,'2014-02-10 16:15:00',1,9,'3','餐椅5件套||餐椅5件套',2,'已修改 matchpicture 。'),(82,'2014-02-11 12:36:56',1,9,'3','餐椅5件套||餐椅5件套',2,'已修改 matchpicture 。'),(83,'2014-02-11 12:37:48',1,9,'2','餐椅2件套||餐椅2件套',2,'已修改 matchpicture 。'),(84,'2014-02-11 12:38:25',1,9,'1','餐椅3件套||餐椅3件套',2,'已修改 matchpicture 。'),(85,'2014-02-11 12:41:45',1,9,'3','餐椅5件套||餐椅5件套',2,'没有字段被修改。'),(86,'2014-02-11 12:41:45',1,9,'3','餐椅5件套||餐椅5件套',2,'没有字段被修改。'),(87,'2014-02-11 12:42:32',1,9,'4','屏风4扇||屏风4扇',1,''),(88,'2014-02-11 12:44:02',1,9,'3','餐椅5件套||餐椅5件套',2,'已修改 matchpicture 。'),(89,'2014-02-11 12:45:50',1,9,'2','餐椅2件套||餐椅2件套',2,'已修改 matchpicture 。'),(90,'2014-02-11 13:10:55',1,13,'105','105||百灵台||105',2,'已变更 image for product image \"ProductImage object\".'),(91,'2014-02-11 13:13:21',1,13,'105','105||百灵台||105',2,'已变更 image for product image \"ProductImage object\".'),(92,'2014-02-11 13:15:14',1,13,'105','105||百灵台||105',2,'已变更 image for product image \"ProductImage object\".'),(93,'2014-02-11 13:17:10',1,13,'105','105||百灵台||105',2,'已变更 image for product image \"ProductImage object\".'),(94,'2014-02-11 13:19:09',1,13,'105','105||百灵台||105',2,'已变更 image for product image \"ProductImage object\".'),(95,'2014-02-11 14:35:14',1,24,'1','PlaceDisplay object',2,'已修改 placepicture 。'),(96,'2014-02-14 08:25:59',1,9,'4','屏风4扇||屏风4扇',2,'已添加 match product \"MatchProduct object\". 已添加 match product \"MatchProduct object\". 已添加 match product \"MatchProduct object\". 已添加 match product \"MatchProduct object\".'),(97,'2014-02-14 08:27:01',1,9,'4','屏风4扇||屏风4扇',2,'已修改 matchpicture 。'),(98,'2014-02-14 08:27:39',1,9,'4','屏风4扇||屏风4扇',2,'已添加 match product \"MatchProduct object\".'),(99,'2014-02-14 08:30:04',1,9,'4','屏风4扇||屏风4扇',2,'没有字段被修改。'),(100,'2014-02-14 08:30:33',1,9,'3','餐椅5件套||餐椅5件套',2,'已添加 match product \"MatchProduct object\". 已添加 match product \"MatchProduct object\". 已添加 match product \"MatchProduct object\". 已添加 match product \"MatchProduct object\". 已添加 match product \"MatchProduct object\".'),(101,'2014-02-14 09:21:01',1,9,'2','餐椅2件套||餐椅2件套',2,'已修改 matchproductids 。 已添加 match product \"MatchProduct object\". 已添加 match product \"MatchProduct object\".'),(102,'2014-02-14 09:21:23',1,9,'2','餐椅2件套||餐椅2件套',2,'已修改 matchproductids 。'),(103,'2014-02-14 09:22:10',1,9,'2','餐椅2件套||餐椅2件套',2,'已修改 matchpicture 。'),(104,'2014-02-14 09:25:41',1,9,'2','餐椅2件套||餐椅2件套',2,'已添加 match product \"MatchProduct object\".'),(105,'2014-02-14 09:26:05',1,9,'2','餐椅2件套||餐椅2件套',2,'已删除 match product \"MatchProduct object\".'),(106,'2014-02-14 09:26:39',1,9,'2','餐椅2件套||餐椅2件套',2,'已修改 matchpicture 。'),(107,'2014-02-14 09:29:59',1,9,'3','餐椅5件套||餐椅5件套',2,'已修改 matchpicture 。'),(108,'2014-02-14 09:31:56',1,9,'4','屏风4扇||屏风4扇',2,'已修改 matchpicture 。 已删除 match product \"MatchProduct object\".'),(109,'2014-02-14 09:36:12',1,9,'4','屏风4扇||屏风4扇',2,'已删除 match product \"MatchProduct object\".'),(110,'2014-02-14 09:49:47',1,9,'8','茶几3件套||茶几3件套',1,''),(111,'2014-02-14 09:50:20',1,9,'8','茶几3件套||茶几3件套',2,'已修改 matchpicture 。'),(112,'2014-02-14 09:51:12',1,9,'8','茶几3件套||茶几3件套',2,'已修改 matchpicture 。'),(113,'2014-02-14 09:54:17',1,9,'8','茶几3件套||茶几3件套',2,'已变更 product for match product \"MatchProduct object\".'),(114,'2014-02-14 09:54:17',1,9,'8','茶几3件套||茶几3件套',2,'已变更 product for match product \"MatchProduct object\".'),(115,'2014-02-14 09:55:40',1,9,'8','茶几3件套||茶几3件套',2,'已变更 product for match product \"MatchProduct object\".'),(116,'2014-02-14 09:56:28',1,9,'8','茶几3件套||茶几3件套',2,'已变更 product for match product \"MatchProduct object\".'),(117,'2014-02-14 10:01:30',1,9,'8','茶几3件套||茶几3件套',2,'已变更 product for match product \"MatchProduct object\".'),(118,'2014-02-14 10:01:33',1,9,'8','茶几3件套||茶几3件套',2,'已变更 product for match product \"MatchProduct object\".'),(119,'2014-02-14 10:03:16',1,9,'9','茶几2件套||茶几2件套',1,''),(120,'2014-02-14 12:51:37',1,9,'3','餐椅5件套||餐椅5件套',2,'已变更 product for match product \"MatchProduct object\".'),(121,'2014-02-14 12:53:09',1,9,'3','餐椅5件套||餐椅5件套',2,'已删除 match product \"MatchProduct object\". 已删除 match product \"MatchProduct object\".'),(122,'2014-02-14 12:53:43',1,9,'3','餐椅5件套||餐椅5件套',2,'已删除 match product \"MatchProduct object\".'),(123,'2014-02-14 13:11:16',1,9,'3','餐椅5件套||餐椅5件套',2,'已删除 match product \"MatchProduct object\".'),(124,'2014-02-14 13:18:23',1,9,'4','屏风4扇||屏风4扇',2,'已变更 product for match product \"MatchProduct object\".'),(125,'2014-02-14 13:20:56',1,9,'1','餐椅3件套||餐椅3件套',2,'已添加 match product \"MatchProduct object\". 已添加 match product \"MatchProduct object\". 已添加 match product \"MatchProduct object\".'),(126,'2014-02-14 13:24:15',1,9,'3','餐椅5件套||餐椅5件套',2,'已添加 match product \"MatchProduct object\". 已添加 match product \"MatchProduct object\". 已添加 match product \"MatchProduct object\". 已添加 match product \"MatchProduct object\".'),(127,'2014-02-14 13:25:38',1,9,'3','餐椅5件套||餐椅5件套',2,'已添加 match product \"MatchProduct object\". 已添加 match product \"MatchProduct object\". 已添加 match product \"MatchProduct object\". 已添加 match product \"MatchProduct object\".'),(128,'2014-02-14 13:28:19',1,9,'3','餐椅5件套||餐椅5件套',2,'已添加 match product \"MatchProduct object\". 已添加 match product \"MatchProduct object\". 已删除 match product \"MatchProduct object\".'),(129,'2014-02-14 13:32:15',1,24,'1','PlaceDisplay object',2,'已添加 place display product \"PlaceDisplayProduct object\". 已添加 place display product \"PlaceDisplayProduct object\".'),(130,'2014-02-14 13:32:49',1,24,'1','PlaceDisplay object',2,'已修改 placepicture 。 已添加 place display product \"PlaceDisplayProduct object\". 已变更 product for place display product \"PlaceDisplayProduct object\".'),(131,'2014-02-14 13:33:15',1,24,'1','PlaceDisplay object',2,'已修改 placepicture 。'),(132,'2014-02-14 13:34:16',1,24,'1','PlaceDisplay object',2,'没有字段被修改。'),(133,'2014-02-14 13:34:59',1,24,'2','PlaceDisplay object',1,''),(134,'2014-02-14 13:35:40',1,24,'2','PlaceDisplay object',2,'已变更 product for place display product \"PlaceDisplayProduct object\".'),(135,'2014-02-14 13:40:52',1,9,'10','卧室3件套||卧室3件套',1,''),(136,'2014-02-14 13:41:04',1,9,'10','卧室3件套||卧室3件套',2,'已变更 product for match product \"MatchProduct object\".'),(137,'2014-02-14 13:42:45',1,8,'1','FairInfo object',2,'已修改 logo 。'),(138,'2014-02-14 13:43:12',1,8,'1','FairInfo object',2,'已修改 logo 。'),(139,'2014-02-14 13:45:25',1,12,'5','Progress object',2,'已修改 showproductid 。'),(140,'2014-02-14 15:36:45',1,12,'5','Progress object',2,'已修改 showproduct 。'),(141,'2014-02-14 15:42:04',1,12,'5','Progress object',2,'已修改 showproduct 。'),(142,'2014-02-14 15:42:10',1,12,'5','Progress object',2,'已修改 showproduct 。'),(143,'2014-02-15 12:46:50',1,12,'5','Progress object',2,'已修改 showproduct 。'),(144,'2014-02-15 12:47:11',1,12,'5','Progress object',2,'已修改 showproduct 。'),(145,'2014-02-15 12:48:55',1,9,'11','椅子2件套||椅子2件套',1,''),(146,'2014-02-15 13:25:42',1,10,'1','浙江总代',2,'已修改 budget 。'),(147,'2014-02-15 13:27:07',1,10,'7','北京总代',1,''),(148,'2014-02-15 13:28:47',1,10,'8','海淀店仓',1,''),(149,'2014-02-15 13:29:47',1,10,'8','海淀店仓',2,'已修改 area 。'),(150,'2014-02-15 13:43:29',1,10,'8','海淀店仓',2,'已修改 sizelevel 。'),(151,'2014-02-15 13:44:11',1,10,'8','海淀店仓',2,'已修改 area 。'),(152,'2014-02-15 13:54:14',1,10,'7','北京总代',2,'已修改 sizelevel 。'),(153,'2014-02-15 13:55:30',1,10,'1','浙江总代',2,'已修改 sizelevel 和 area 。'),(154,'2014-02-15 15:05:11',1,10,'7','北京总代',2,'已修改 area 。'),(155,'2014-02-15 15:05:11',1,10,'1','浙江总代',2,'已修改 area 。'),(156,'2014-02-23 07:41:07',1,4,'1','admin',2,'已修改 user_permissions 。'),(157,'2014-02-24 09:25:12',1,4,'1','admin',2,'已修改 user_permissions 。'),(158,'2014-02-24 09:27:08',1,4,'2','root',1,''),(159,'2014-02-24 09:31:19',1,3,'2','admin',2,'已修改 name 和 permissions 。'),(160,'2014-02-24 09:33:26',1,4,'2','root1',2,'已修改 username 。'),(161,'2014-02-24 09:33:37',1,4,'1','root',2,'已修改 username 。'),(162,'2014-02-24 09:33:47',1,4,'2','admin',2,'已修改 username 。'),(163,'2014-02-24 09:34:07',1,4,'2','admin',2,'已修改 is_staff 和 groups 。'),(164,'2014-02-24 09:34:47',1,4,'1','root',2,'已修改 password 。'),(165,'2014-02-24 09:37:26',1,3,'2','admin',2,'已修改 permissions 。'),(166,'2014-02-24 09:37:59',1,3,'2','admin',2,'已修改 permissions 。'),(167,'2014-02-24 09:38:42',1,3,'2','admin',2,'已修改 permissions 。'),(168,'2014-02-24 09:39:23',1,3,'2','admin',2,'已修改 permissions 。'),(169,'2014-03-01 04:40:36',1,3,'2','admin',2,'已修改 permissions 。'),(170,'2014-03-04 08:32:59',1,3,'2','admin',2,'已修改 permissions 。'),(171,'2014-03-04 08:35:46',1,3,'2','admin',2,'已修改 permissions 。'),(172,'2014-03-04 08:36:54',2,33,'160','琴凳21,160(0)',2,'已修改 deleted 。'),(173,'2014-03-06 11:58:28',2,10,'8','海淀店仓',2,'已修改 minorderamount 。'),(174,'2014-03-06 11:58:28',2,10,'5','宁波店仓',2,'已修改 minorderamount 。'),(175,'2014-03-06 11:58:28',2,10,'4','台州店仓',2,'已修改 minorderamount 。'),(176,'2014-03-06 11:58:28',2,10,'3','温州店仓',2,'已修改 minorderamount 。'),(177,'2014-03-06 11:58:28',2,10,'2','杭州店仓',2,'已修改 minorderamount 。'),(178,'2014-03-07 07:23:56',2,12,'5','Progress object',2,'已修改 showproduct 。'),(179,'2014-03-07 07:49:26',2,12,'6','Progress object',1,''),(180,'2014-03-07 07:56:31',2,12,'6','Progress object',2,'已修改 progressmessage 。'),(181,'2014-03-07 09:28:50',2,12,'6','Progress object',2,'已修改 ison 。'),(182,'2014-03-07 09:29:06',2,12,'6','Progress object',2,'已修改 ison 。'),(183,'2014-03-07 09:29:06',2,12,'5','Progress object',2,'已修改 ison 。'),(184,'2014-03-07 12:31:40',2,12,'6','Progress object',2,'已修改 ison 。'),(185,'2014-03-07 12:31:42',2,12,'5','Progress object',2,'已修改 ison 。'),(186,'2014-03-07 12:47:51',2,12,'6','Progress object',2,'已修改 ison 。'),(187,'2014-03-07 12:47:51',2,12,'5','Progress object',2,'已修改 ison 。'),(188,'2014-03-07 12:48:21',2,12,'6','Progress object',2,'已修改 ison 。'),(189,'2014-03-07 12:48:21',2,12,'5','Progress object',2,'已修改 ison 。'),(190,'2014-03-07 12:52:29',1,3,'2','admin',2,'已修改 permissions 。'),(191,'2014-03-08 05:30:18',2,13,'2','百灵台2, ￥5000, 货号:2, ID:2',2,'已修改 minorder 。'),(192,'2014-03-08 05:33:33',2,13,'1','百灵台1, ￥5000, 货号:1, ID:1',2,'已修改 minorder 。'),(193,'2014-03-08 15:29:02',2,13,'10','百灵台, ￥5000, 货号:10, ID:10',2,'已修改 minorder 。'),(194,'2014-03-09 08:15:12',1,3,'2','admin',2,'已修改 permissions 。'),(195,'2014-03-09 08:47:46',1,3,'2','admin',2,'已修改 permissions 。'),(196,'2014-03-09 09:28:25',2,32,'2','金额：20000||办公:10%,家具:10%,收藏:70%,装饰:10%||必订:10%,推广:10%,普通:80%',2,'没有字段被修改。'),(197,'2014-03-09 09:38:55',2,13,'160','琴凳21, ￥2047, 货号:160, ID:160',2,'已修改 minorder 。'),(198,'2014-03-09 09:39:40',2,32,'1','金额：10000||办公:10%,家具:30%,收藏:50%,装饰:10%||必订:10%,推广:10%,普通:80%',2,'已修改 serialorderguide 。'),(199,'2014-03-09 09:48:57',2,32,'2','金额：20000||办公:10%,家具:10%,收藏:70%,装饰:10%||必订:10%,推广:10%,普通:80%',2,'已修改 classorderguide 。'),(200,'2014-03-09 11:07:47',2,12,'5','Progress object',2,'已修改 showproduct 。'),(201,'2014-03-20 05:18:42',2,13,'112','百灵台112, ￥5000, 货号:112, ID:112',2,'已修改 deleted 。'),(202,'2014-03-20 07:44:20',2,13,'112','百灵台112, ￥5000, 货号:112, ID:112',2,'已修改 deleted 。');
/*!40000 ALTER TABLE `django_admin_log` ENABLE KEYS */;
UNLOCK TABLES;

--
-- Table structure for table `django_content_type`
--

DROP TABLE IF EXISTS `django_content_type`;
/*!40101 SET @saved_cs_client     = @@character_set_client */;
/*!40101 SET character_set_client = utf8 */;
CREATE TABLE `django_content_type` (
  `id` int(11) NOT NULL AUTO_INCREMENT,
  `name` varchar(100) NOT NULL,
  `app_label` varchar(100) NOT NULL,
  `model` varchar(100) NOT NULL,
  PRIMARY KEY (`id`),
  UNIQUE KEY `app_label` (`app_label`,`model`)
) ENGINE=InnoDB AUTO_INCREMENT=36 DEFAULT CHARSET=utf8;
/*!40101 SET character_set_client = @saved_cs_client */;

--
-- Dumping data for table `django_content_type`
--

LOCK TABLES `django_content_type` WRITE;
/*!40000 ALTER TABLE `django_content_type` DISABLE KEYS */;
INSERT INTO `django_content_type` VALUES (1,'log entry','admin','logentry'),(2,'permission','auth','permission'),(3,'group','auth','group'),(4,'user','auth','user'),(5,'content type','contenttypes','contenttype'),(6,'session','sessions','session'),(7,'all orders','adminclient','allorders'),(8,'fair info','adminclient','fairinfo'),(9,'matches','adminclient','matches'),(10,'user info','adminclient','userinfo'),(12,'progress','adminclient','progress'),(13,'products','adminclient','products'),(14,'auth group','adminclient','authgroup'),(15,'auth group permissions','adminclient','authgrouppermissions'),(16,'auth permission','adminclient','authpermission'),(17,'auth user','adminclient','authuser'),(18,'auth user groups','adminclient','authusergroups'),(19,'auth user user permissions','adminclient','authuseruserpermissions'),(20,'diancang2 orders','adminclient','diancang2orders'),(21,'django admin log','adminclient','djangoadminlog'),(22,'django content type','adminclient','djangocontenttype'),(23,'django session','adminclient','djangosession'),(24,'place display','adminclient','placedisplay'),(25,'showing product','adminclient','showingproduct'),(26,'product image','adminclient','productimage'),(27,'match product','adminclient','matchproduct'),(28,'place display product','adminclient','placedisplayproduct'),(30,'经销商订货情况','adminclient','userordersummary'),(31,'document','adminclient','document'),(32,'order guide','adminclient','orderguide'),(33,'products order summary','adminclient','productsordersummary'),(34,'all orders backup','adminclient','allordersbackup'),(35,'order guide user','adminclient','orderguideuser');
/*!40000 ALTER TABLE `django_content_type` ENABLE KEYS */;
UNLOCK TABLES;

--
-- Table structure for table `django_session`
--

DROP TABLE IF EXISTS `django_session`;
/*!40101 SET @saved_cs_client     = @@character_set_client */;
/*!40101 SET character_set_client = utf8 */;
CREATE TABLE `django_session` (
  `session_key` varchar(40) NOT NULL,
  `session_data` longtext NOT NULL,
  `expire_date` datetime NOT NULL,
  PRIMARY KEY (`session_key`),
  KEY `django_session_b7b81f0c` (`expire_date`)
) ENGINE=InnoDB DEFAULT CHARSET=utf8;
/*!40101 SET character_set_client = @saved_cs_client */;

--
-- Dumping data for table `django_session`
--

LOCK TABLES `django_session` WRITE;
/*!40000 ALTER TABLE `django_session` DISABLE KEYS */;
INSERT INTO `django_session` VALUES ('29v1qlv5cuhczyvphumb1i4vp8b486fc','NGQwMWM5NjgxYzcxZjQ2YzRhYWEzMTZjMDYxZDk2YWYyNTEyNTE0Yjp7Il9hdXRoX3VzZXJfYmFja2VuZCI6ImRqYW5nby5jb250cmliLmF1dGguYmFja2VuZHMuTW9kZWxCYWNrZW5kIiwiX2F1dGhfdXNlcl9pZCI6MX0=','2014-02-28 12:42:06'),('2c9v2wrcrkdjij0vmtg7v7epl3xwntm0','NGQwMWM5NjgxYzcxZjQ2YzRhYWEzMTZjMDYxZDk2YWYyNTEyNTE0Yjp7Il9hdXRoX3VzZXJfYmFja2VuZCI6ImRqYW5nby5jb250cmliLmF1dGguYmFja2VuZHMuTW9kZWxCYWNrZW5kIiwiX2F1dGhfdXNlcl9pZCI6MX0=','2014-03-18 08:32:30'),('57iw3scysz3k17v2kxmpxjgsgflxnjcg','NGQwMWM5NjgxYzcxZjQ2YzRhYWEzMTZjMDYxZDk2YWYyNTEyNTE0Yjp7Il9hdXRoX3VzZXJfYmFja2VuZCI6ImRqYW5nby5jb250cmliLmF1dGguYmFja2VuZHMuTW9kZWxCYWNrZW5kIiwiX2F1dGhfdXNlcl9pZCI6MX0=','2014-03-10 09:36:29'),('ehiiwcuhy0c6cxbbdlxeebdv6jfsj7xd','NGQwMWM5NjgxYzcxZjQ2YzRhYWEzMTZjMDYxZDk2YWYyNTEyNTE0Yjp7Il9hdXRoX3VzZXJfYmFja2VuZCI6ImRqYW5nby5jb250cmliLmF1dGguYmFja2VuZHMuTW9kZWxCYWNrZW5kIiwiX2F1dGhfdXNlcl9pZCI6MX0=','2014-02-14 10:23:27'),('obw9yerh7h9wioog3gxmdrdan1gpcssj','MGRiNjlkZjY3YmJhM2I2YjkxZjdmODU5YTYwZDk0NDlmNDcyMzNlNDp7Il9hdXRoX3VzZXJfYmFja2VuZCI6ImRqYW5nby5jb250cmliLmF1dGguYmFja2VuZHMuTW9kZWxCYWNrZW5kIiwiX2F1dGhfdXNlcl9pZCI6Mn0=','2014-04-03 03:26:36'),('upel5g12ak76m6o62e41cinex3nw62sg','MGRiNjlkZjY3YmJhM2I2YjkxZjdmODU5YTYwZDk0NDlmNDcyMzNlNDp7Il9hdXRoX3VzZXJfYmFja2VuZCI6ImRqYW5nby5jb250cmliLmF1dGguYmFja2VuZHMuTW9kZWxCYWNrZW5kIiwiX2F1dGhfdXNlcl9pZCI6Mn0=','2014-03-23 08:47:56'),('vcyba1egymr1pz34cnp1aznbf0pa1pem','OWFlMDU2N2M1ZmE0NzQ2M2FlZDM2MzA0YTRlMjhiMDNiZGRlMDg3ZTp7fQ==','2014-03-10 09:50:41');
/*!40000 ALTER TABLE `django_session` ENABLE KEYS */;
UNLOCK TABLES;

--
-- Table structure for table `fair_info`
--

DROP TABLE IF EXISTS `fair_info`;
/*!40101 SET @saved_cs_client     = @@character_set_client */;
/*!40101 SET character_set_client = utf8 */;
CREATE TABLE `fair_info` (
  `Id` int(11) NOT NULL,
  `brand` varchar(45) NOT NULL,
  `Logo` varchar(45) NOT NULL,
  `WelcomeMsg` varchar(45) NOT NULL,
  `OrderMeetingName` varchar(45) NOT NULL,
  PRIMARY KEY (`Id`)
) ENGINE=InnoDB DEFAULT CHARSET=utf8;
/*!40101 SET character_set_client = @saved_cs_client */;

--
-- Dumping data for table `fair_info`
--

LOCK TABLES `fair_info` WRITE;
/*!40000 ALTER TABLE `fair_info` DISABLE KEYS */;
INSERT INTO `fair_info` VALUES (1,'赏古轩','logo/psu_4.jpg','欢迎来赏古轩赏古','2014春季家具展');
/*!40000 ALTER TABLE `fair_info` ENABLE KEYS */;
UNLOCK TABLES;

--
-- Table structure for table `match`
--

DROP TABLE IF EXISTS `match`;
/*!40101 SET @saved_cs_client     = @@character_set_client */;
/*!40101 SET character_set_client = utf8 */;
CREATE TABLE `match` (
  `Id` int(11) NOT NULL AUTO_INCREMENT COMMENT '编号',
  `Name` varchar(20) NOT NULL COMMENT '搭配名称',
  `MatchProductIDs` varchar(50) NOT NULL COMMENT '搭配的所有单款 枚举搭配款的编号',
  `MatchPicture` varchar(50) NOT NULL COMMENT '搭配效果图 搭配效果图片的绝对路径/图片名',
  PRIMARY KEY (`Id`)
) ENGINE=InnoDB AUTO_INCREMENT=12 DEFAULT CHARSET=utf8 COMMENT='搭配款';
/*!40101 SET character_set_client = @saved_cs_client */;

--
-- Dumping data for table `match`
--

LOCK TABLES `match` WRITE;
/*!40000 ALTER TABLE `match` DISABLE KEYS */;
INSERT INTO `match` VALUES (1,'餐椅3件套','1,2,3','matches/canyi3.jpg'),(2,'餐椅2件套','4,5','matches/canyi2.jpg'),(3,'餐椅5件套','3,5,6,8,9','matches/canyi5.jpg'),(4,'屏风4扇','8,9,12','matches/pingfeng4.jpg'),(8,'茶几3件套','1,2,16','matches/chaji3.jpg'),(9,'茶几2件套','3,4','matches/chaji2.jpg'),(10,'卧室3件套','9,10,17','matches/woshi3.jpg'),(11,'椅子2件套','17,19','matches/yizi2.jpg');
/*!40000 ALTER TABLE `match` ENABLE KEYS */;
UNLOCK TABLES;

--
-- Table structure for table `matches`
--

DROP TABLE IF EXISTS `matches`;
/*!40101 SET @saved_cs_client     = @@character_set_client */;
/*!40101 SET character_set_client = utf8 */;
CREATE TABLE `matches` (
  `Id` int(11) NOT NULL COMMENT '编号',
  `Name` varchar(20) NOT NULL COMMENT '搭配名称',
  `MatchProductIDs` varchar(50) NOT NULL COMMENT '搭配的所有单款 枚举搭配款的编号',
  `MatchPicture` varchar(50) NOT NULL COMMENT '搭配效果图 搭配效果图片的绝对路径/图片名',
  PRIMARY KEY (`Id`),
  UNIQUE KEY `Id_UNIQUE` (`Id`)
) ENGINE=InnoDB DEFAULT CHARSET=utf8 COMMENT='搭配款';
/*!40101 SET character_set_client = @saved_cs_client */;

--
-- Dumping data for table `matches`
--

LOCK TABLES `matches` WRITE;
/*!40000 ALTER TABLE `matches` DISABLE KEYS */;
INSERT INTO `matches` VALUES (1,'餐椅3件套','1,2,3','matches/1.jpg'),(2,'餐椅2件套','4,5','matches/2.jpg'),(3,'餐椅5件套','3,5,6,8,9','matches/3.jpg'),(4,'屏风4扇','8,9,12','matches/4.jpg'),(8,'茶几3件套','1,2,16','matches/8.jpg'),(9,'茶几2件套','3,4','matches/9.jpg'),(10,'卧室3件套','9,10,17','matches/10.jpg'),(11,'椅子2件套','17,19','matches/11.jpg');
/*!40000 ALTER TABLE `matches` ENABLE KEYS */;
UNLOCK TABLES;

--
-- Table structure for table `order_guide`
--

DROP TABLE IF EXISTS `order_guide`;
/*!40101 SET @saved_cs_client     = @@character_set_client */;
/*!40101 SET character_set_client = utf8 */;
CREATE TABLE `order_guide` (
  `Id` int(11) NOT NULL AUTO_INCREMENT COMMENT '编号',
  `SerialOrderGuide` varchar(50) NOT NULL COMMENT '系列的订货指引 公司事先已设置好，取值有："办公：10%，家具：80%，装饰：5%，收藏：5%"',
  `ClassOrderGuide` varchar(50) NOT NULL COMMENT '品类的订货指引 公司事先已设置好，取值有："床：10%，桌：80%，椅：5%，柜：5%"',
  `GuideAmount` int(11) NOT NULL COMMENT '订货指引总金额',
  `TypeOrderGuide` varchar(50) NOT NULL,
  `MucaiOrderGuide` varchar(50) NOT NULL,
  PRIMARY KEY (`Id`),
  UNIQUE KEY `unique_togethor` (`SerialOrderGuide`,`ClassOrderGuide`,`GuideAmount`)
) ENGINE=InnoDB AUTO_INCREMENT=3 DEFAULT CHARSET=utf8 COMMENT='厂家订货指引与买家自定义的预算';
/*!40101 SET character_set_client = @saved_cs_client */;

--
-- Dumping data for table `order_guide`
--

LOCK TABLES `order_guide` WRITE;
/*!40000 ALTER TABLE `order_guide` DISABLE KEYS */;
INSERT INTO `order_guide` VALUES (1,'办公:10%,家具:30%,收藏:50%,装饰:10%','桌:10%,床:10%,柜:80%',10000,'必订:10%,推广:10%,普通:80%','核桃木:10%,橡木:10%,榆木:80%'),(2,'办公:10%,家具:10%,收藏:70%,装饰:10%','桌:10%,床:20%,柜:70%',20000,'必订:10%,推广:10%,普通:80%','核桃木:10%,橡木:10%,榆木:80%');
/*!40000 ALTER TABLE `order_guide` ENABLE KEYS */;
UNLOCK TABLES;

--
-- Table structure for table `order_guide_and_budget`
--

DROP TABLE IF EXISTS `order_guide_and_budget`;
/*!40101 SET @saved_cs_client     = @@character_set_client */;
/*!40101 SET character_set_client = utf8 */;
CREATE TABLE `order_guide_and_budget` (
  `Id` int(11) NOT NULL AUTO_INCREMENT COMMENT '编号',
  `SerialOrderGuide` varchar(50) NOT NULL COMMENT '系列的订货指引 公司事先已设置好，取值有："办公：10%，家具：80%，装饰：5%，收藏：5%"',
  `TypeOrderGuide` varchar(50) NOT NULL COMMENT '品类的订货指引 公司事先已设置好，取值有："床：10%，桌：80%，椅：5%，柜：5%"',
  `SerialOrderBudget` varchar(50) NOT NULL COMMENT '系列的订货预算 买家可修改，取值有："办公：10%，家具：80%，装饰：5%，收藏：5%"',
  `TypeOrderBudget` varchar(50) NOT NULL COMMENT '品类的订货预算 买家可修改，取值有："办公：10%，家具：80%，装饰：5%，收藏：5%"',
  `GuideAmount` int(11) NOT NULL COMMENT '订货指引总金额',
  `BudgetAmount` int(11) NOT NULL COMMENT '预算总金额',
  `MinOrderAmount` int(11) NOT NULL,
  PRIMARY KEY (`Id`)
) ENGINE=InnoDB AUTO_INCREMENT=3 DEFAULT CHARSET=utf8 COMMENT='厂家订货指引与买家自定义的预算';
/*!40101 SET character_set_client = @saved_cs_client */;

--
-- Dumping data for table `order_guide_and_budget`
--

LOCK TABLES `order_guide_and_budget` WRITE;
/*!40000 ALTER TABLE `order_guide_and_budget` DISABLE KEYS */;
INSERT INTO `order_guide_and_budget` VALUES (1,'办公:10%,家具:10%,收藏:70%,装饰:10%','桌:10%,床:10%,柜:80%','办公:10%,家具:10%,收藏:70%,装饰:10%','桌:10%,床:10%,柜:80%',10000,10000,8000),(2,'办公:10%,家具:10%,收藏:70%,装饰:10%','桌:10%,床:10%,柜:80%','办公:10%,家具:10%,收藏:70%,装饰:10%','桌:10%,床:10%,柜:80%',20000,20000,10000);
/*!40000 ALTER TABLE `order_guide_and_budget` ENABLE KEYS */;
UNLOCK TABLES;

--
-- Table structure for table `orderguide_user`
--

DROP TABLE IF EXISTS `orderguide_user`;
/*!40101 SET @saved_cs_client     = @@character_set_client */;
/*!40101 SET character_set_client = utf8 */;
CREATE TABLE `orderguide_user` (
  `id` int(11) NOT NULL AUTO_INCREMENT,
  `guide_id` int(11) NOT NULL,
  `user_id` int(11) NOT NULL,
  PRIMARY KEY (`id`),
  KEY `orderguide_user_d2a7edf5` (`guide_id`),
  KEY `orderguide_user_6340c63c` (`user_id`)
) ENGINE=InnoDB DEFAULT CHARSET=utf8;
/*!40101 SET character_set_client = @saved_cs_client */;

--
-- Dumping data for table `orderguide_user`
--

LOCK TABLES `orderguide_user` WRITE;
/*!40000 ALTER TABLE `orderguide_user` DISABLE KEYS */;
/*!40000 ALTER TABLE `orderguide_user` ENABLE KEYS */;
UNLOCK TABLES;

--
-- Table structure for table `place_display`
--

DROP TABLE IF EXISTS `place_display`;
/*!40101 SET @saved_cs_client     = @@character_set_client */;
/*!40101 SET character_set_client = utf8 */;
CREATE TABLE `place_display` (
  `Id` int(11) NOT NULL COMMENT '编号',
  `Place` varchar(20) NOT NULL COMMENT '陈列位置',
  `ProductIds` varchar(50) NOT NULL COMMENT '陈列位置的所有货品Id 枚举陈列的编号',
  `PlacePicture` varchar(50) NOT NULL COMMENT '陈列位置展示图 取值为陈列位置的展示图所在的绝对路径/图片名',
  PRIMARY KEY (`Id`),
  UNIQUE KEY `Id_UNIQUE` (`Id`)
) ENGINE=InnoDB DEFAULT CHARSET=utf8 COMMENT='陈列款';
/*!40101 SET character_set_client = @saved_cs_client */;

--
-- Dumping data for table `place_display`
--

LOCK TABLES `place_display` WRITE;
/*!40000 ALTER TABLE `place_display` DISABLE KEYS */;
INSERT INTO `place_display` VALUES (1,'茶室','1,4,3','places/1.jpg'),(2,'卧室','7,10,9','places/2.jpg');
/*!40000 ALTER TABLE `place_display` ENABLE KEYS */;
UNLOCK TABLES;

--
-- Table structure for table `products`
--

DROP TABLE IF EXISTS `products`;
/*!40101 SET @saved_cs_client     = @@character_set_client */;
/*!40101 SET character_set_client = utf8 */;
CREATE TABLE `products` (
  `Id` int(11) NOT NULL AUTO_INCREMENT COMMENT '编号',
  `ProductName` varchar(20) NOT NULL COMMENT '商品名称',
  `ProductType` varchar(10) NOT NULL COMMENT '款别 取值有：必定款，推广款，普通款',
  `ProductClass` varchar(10) NOT NULL COMMENT '类别 取值有：床，桌，椅等',
  `ProductSerial` varchar(10) NOT NULL COMMENT '系列 取值有：办公，家具，装饰，收藏',
  `ProductCode` varchar(20) NOT NULL COMMENT '货号',
  `color` varchar(100) NOT NULL COMMENT '颜色',
  `size` varchar(100) NOT NULL COMMENT '尺寸',
  `PriceZone` varchar(20) DEFAULT NULL COMMENT '价格带',
  `Designer` varchar(20) DEFAULT NULL COMMENT '设计师',
  `Advantages` varchar(100) DEFAULT NULL COMMENT '卖点',
  `Pictures` varchar(500) NOT NULL COMMENT '所有商品图片的路径，逗号分隔，商品首图 为第一个路径',
  `MatchIds` varchar(50) DEFAULT NULL COMMENT '搭配编号',
  `Deleted` bit(1) DEFAULT b'0' COMMENT '是否删除款',
  `OrderRank` int(11) DEFAULT NULL COMMENT '订货件数排名 只需标注前十名',
  `MinOrder` varchar(100) DEFAULT NULL COMMENT '起订量 买家下单件数少于起订量，不允许提交订单,取值有：-80-:2,80-150:4,150-300:8,300-500:16,500+:32',
  `OrderNumber` int(11) DEFAULT '0' COMMENT '已订件数',
  `Price` varchar(4000) NOT NULL COMMENT '价格',
  `StyleCode` varchar(20) DEFAULT NULL COMMENT '款号',
  `IsShowing` bit(1) DEFAULT b'0',
  `OrderAmount` int(11) DEFAULT '0',
  `Mucai` varchar(10) NOT NULL,
  PRIMARY KEY (`Id`),
  UNIQUE KEY `ProductCode_UNIQUE` (`ProductCode`),
  KEY `IDX_products_Style` (`ProductType`),
  KEY `IDX_products_Class` (`ProductClass`),
  KEY `IDX_products_Serial` (`ProductSerial`),
  KEY `IDX_products_PriceZone` (`PriceZone`),
  KEY `IDX_products_ProductCode` (`ProductCode`)
) ENGINE=InnoDB AUTO_INCREMENT=113 DEFAULT CHARSET=utf8 COMMENT='商品表 商品详细信息';
/*!40101 SET character_set_client = @saved_cs_client */;

--
-- Dumping data for table `products`
--

LOCK TABLES `products` WRITE;
/*!40000 ALTER TABLE `products` DISABLE KEYS */;
INSERT INTO `products` VALUES (1,'百灵台1','推广','桌','家具','1','乌木色,花梨色','直径80,直径90','3000-5000','designer1','advantages1','products/1/logo.jpg,products/1/aa.jpg,products/1/ff.jpg','8,1','\0',NULL,'80-:12,80-150:34,300-500:65,500+:23',NULL,'5000','','\0',NULL,'橡木'),(2,'百灵台2','推广','柜','家具','2','乌木色,花梨色','直径80,直径90','3000-5000','designer2','advantages2','products/2/logo.jpg,products/2/aa.jpg,products/2/ff.jpg','8,1','\0',NULL,'80-:12,80-150:34,300-500:65,500+:23',NULL,'5000','456','\0',NULL,'橡木'),(3,'百灵台3','普通','桌','家具','3','乌木色,花梨色','直径80,直径90','3000-5000','designer3','advantages3','products/3/logo.jpg,products/3/aa.jpg,products/3/ff.jpg','9,3,1','',NULL,'80-:12,80-150:34,300-500:65,500+:23',NULL,'5000','','\0',NULL,'橡木'),(4,'百灵台4','推广','桌','家具','4','乌木色,花梨色','直径80,直径90','3000-5000','designer4','advantages4','products/4/logo.jpg,products/4/aa.jpg,products/4/ff.jpg','9,2','\0',NULL,'80-:12,80-150:34,300-500:65,500+:23',203,'5000','','\0',1015000,'橡木'),(5,'百灵台','普通','柜','家具','5','乌木色,花梨色','直径80,直径90','3000-5000','designer5','advantages5','products/5/logo.jpg,products/5/aa.jpg,products/5/ff.jpg','2,3','\0',NULL,'80-:12,80-150:34,300-500:65,500+:23',142,'5000','','\0',710000,'橡木'),(6,'百灵台','必订','桌','家具','6','乌木色,花梨色','直径80,直径90','3000-5000','designer6','advantages6','products/6/logo.jpg,products/6/aa.jpg,products/6/ff.jpg','3','\0',NULL,'80-:12,80-150:34,300-500:65,500+:23',NULL,'5000','','\0',NULL,'橡木'),(7,'百灵台','必订','柜','家具','7','乌木色,花梨色','直径80,直径90','3000-5000','designer7','advantages7','products/7/logo.jpg,products/7/aa.jpg,products/7/ff.jpg','','\0',NULL,'80-:12,80-150:34,300-500:65,500+:23',90,'5000','','\0',450000,'橡木'),(8,'百灵台','必订','桌','家具','8','乌木色,花梨色','直径80,直径90','3000-5000','designer8','advantages8','products/8/logo.jpg,products/8/aa.jpg,products/8/ff.jpg','4,3','\0',NULL,'80-:12,80-150:34,300-500:65,500+:23',90,'5000','','\0',450000,'橡木'),(9,'百灵台','必订','桌','家具','9','乌木色,花梨色','直径80,直径90','3000-5000','designer9','advantages9','products/9/logo.jpg,products/9/aa.jpg,products/9/ff.jpg','4,3,10','\0',NULL,'80-:12,80-150:34,300-500:65,500+:23',90,'5000','','\0',450000,'橡木'),(10,'百灵台','必订','桌','家具','10','乌木色,花梨色','直径80,直径90','3000-5000','designer10','advantages10','products/10/logo.jpg,products/10/aa.jpg,products/10/ff.jpg','10','\0',NULL,'80-:12,80-150:34,300-500:65,500+:23',180,'5000','','\0',900000,'榆木'),(11,'百灵台','必订','桌','家具','11','乌木色,花梨色','直径80,直径90','3000-5000','designer11','advantages11','products/11/logo.jpg,products/11/aa.jpg,products/11/ff.jpg','','',NULL,'80-:12,80-150:34,300-500:65,500+:23',90,'5000','','\0',450000,'橡木'),(12,'百灵台','必订','桌','家具','12','乌木色,花梨色','直径80,直径90','3000-5000','designer12','advantages12','products/12/logo.jpg,products/12/aa.jpg,products/12/ff.jpg','4','\0',NULL,'80-:12,80-150:34,300-500:65,500+:23',180,'5000','','\0',900000,'橡木'),(13,'百灵台','必订','桌','家具','13','乌木色,花梨色','直径80,直径90','3000-5000','designer13','advantages13','products/13/logo.jpg,products/13/aa.jpg,products/13/ff.jpg','','\0',NULL,'80-:12,80-150:34,300-500:65,500+:23',240,'5000','','\0',1200000,'橡木'),(14,'百灵台','必订','桌','家具','14','乌木色,花梨色','直径80,直径90','3000-5000','designer14','advantages14','products/14/logo.jpg,products/14/aa.jpg,products/14/ff.jpg','','\0',NULL,'80-:12,80-150:34,300-500:65,500+:23',240,'5000','','\0',1200000,'橡木'),(15,'百灵台','必订','桌','家具','15','乌木色,花梨色','直径80,直径90','3000-5000','designer15','advantages15','products/15/logo.jpg,products/15/aa.jpg,products/15/ff.jpg','','\0',NULL,'80-:12,80-150:34,300-500:65,500+:23',240,'5000','','\0',1200000,'橡木'),(16,'百灵台','必订','桌','家具','16','乌木色,花梨色','直径80,直径90','3000-5000','designer16','advantages16','products/16/logo.jpg,products/16/aa.jpg,products/16/ff.jpg','8','\0',NULL,'80-:12,80-150:34,300-500:65,500+:23',240,'5000','','\0',1200000,'橡木'),(17,'百灵台','必订','桌','家具','17','乌木色,花梨色','直径80,直径90','3000-5000','designer17','advantages17','products/17/logo.jpg,products/17/aa.jpg,products/17/ff.jpg','10,11','\0',NULL,'80-:12,80-150:34,300-500:65,500+:23',180,'5000','','\0',900000,'橡木'),(18,'百灵台','必订','桌','家具','18','乌木色,花梨色','直径80,直径90','3000-5000','designer18','advantages18','products/18/logo.jpg,products/18/aa.jpg,products/18/ff.jpg','','\0',NULL,'80-:12,80-150:34,300-500:65,500+:23',240,'5000','','\0',1200000,'橡木'),(19,'百灵台','必订','桌','家具','19','乌木色,花梨色','直径80,直径90','3000-5000','designer19','advantages19','products/19/logo.jpg,products/19/aa.jpg,products/19/ff.jpg','11','\0',NULL,'80-:12,80-150:34,300-500:65,500+:23',240,'5000','','\0',1200000,'橡木'),(20,'百灵台','必订','桌','家具','20','乌木色,花梨色','直径80,直径90','3000-5000','designer20','advantages20','products/20/logo.jpg,products/20/aa.jpg,products/20/ff.jpg','','\0',NULL,'80-:12,80-150:34,300-500:65,500+:23',240,'5000','','\0',1200000,'橡木'),(21,'百灵台','必订','桌','家具','21','乌木色,花梨色','直径80,直径90','3000-5000','designer21','advantages21','products/21/logo.jpg,products/21/aa.jpg,products/21/ff.jpg','','\0',NULL,'80-:12,80-150:34,300-500:65,500+:23',240,'5000','','\0',1200000,'橡木'),(22,'百灵台','必订','桌','家具','22','乌木色,花梨色','直径80,直径90','3000-5000','designer22','advantages22','products/22/logo.jpg,products/22/aa.jpg,products/22/ff.jpg','','\0',NULL,'80-:12,80-150:34,300-500:65,500+:23',240,'5000','','\0',1200000,'橡木'),(23,'百灵台','必订','桌','家具','23','乌木色,花梨色','直径80,直径90','3000-5000','designer23','advantages23','products/23/logo.jpg,products/23/aa.jpg,products/23/ff.jpg','','\0',NULL,'80-:12,80-150:34,300-500:65,500+:23',240,'5000','','\0',1200000,'橡木'),(24,'百灵台','必订','桌','家具','24','乌木色,花梨色','直径80,直径90','3000-5000','designer24','advantages24','products/24/logo.jpg,products/24/aa.jpg,products/24/ff.jpg','','\0',NULL,'80-:12,80-150:34,300-500:65,500+:23',240,'5000','','\0',1200000,'橡木'),(25,'百灵台','必订','桌','家具','25','乌木色,花梨色','直径80,直径90','3000-5000','designer25','advantages25','products/25/logo.jpg,products/25/aa.jpg,products/25/ff.jpg','','\0',NULL,'80-:12,80-150:34,300-500:65,500+:23',240,'5000','','\0',1200000,'橡木'),(26,'百灵台','必订','桌','家具','26','乌木色,花梨色','直径80,直径90','3000-5000','designer26','advantages26','products/26/logo.jpg,products/26/aa.jpg,products/26/ff.jpg','','\0',NULL,'80-:12,80-150:34,300-500:65,500+:23',240,'5000','','\0',1200000,'橡木'),(27,'百灵台','必订','桌','家具','27','乌木色,花梨色','直径80,直径90','3000-5000','designer27','advantages27','products/27/logo.jpg,products/27/aa.jpg,products/27/ff.jpg','','\0',NULL,'80-:12,80-150:34,300-500:65,500+:23',240,'5000','','\0',1200000,'橡木'),(28,'百灵台','必订','桌','家具','28','乌木色,花梨色','直径80,直径90','3000-5000','designer28','advantages28','products/28/logo.jpg,products/28/aa.jpg,products/28/ff.jpg','','\0',NULL,'80-:12,80-150:34,300-500:65,500+:23',240,'5000','','\0',1200000,'橡木'),(29,'百灵台','必订','桌','家具','29','乌木色,花梨色','直径80,直径90','3000-5000','designer29','advantages29','products/29/logo.jpg,products/29/aa.jpg,products/29/ff.jpg','','\0',NULL,'80-:12,80-150:34,300-500:65,500+:23',240,'5000','','\0',1200000,'橡木'),(30,'百灵台','推广','桌','家具','30','乌木色,花梨色','直径80,直径90','3000-5000','designer30','advantages30','products/30/logo.jpg,products/30/aa.jpg,products/30/ff.jpg','','\0',NULL,'80-:12,80-150:34,300-500:65,500+:23',240,'5000','','\0',1200000,'榆木'),(31,'百灵台','推广','桌','家具','31','乌木色,花梨色','直径80,直径90','3000-5000','designer31','advantages31','products/31/logo.jpg,products/31/aa.jpg,products/31/ff.jpg','','\0',NULL,'80-:12,80-150:34,300-500:65,500+:23',240,'5000','','\0',1200000,'榆木'),(32,'百灵台','推广','桌','家具','32','乌木色,花梨色','直径80,直径90','3000-5000','designer32','advantages32','products/32/logo.jpg,products/32/aa.jpg,products/32/ff.jpg','','\0',NULL,'80-:12,80-150:34,300-500:65,500+:23',240,'5000','','\0',1200000,'榆木'),(33,'百灵台','推广','桌','家具','33','乌木色,花梨色','直径80,直径90','3000-5000','designer33','advantages33','products/33/logo.jpg,products/33/aa.jpg,products/33/ff.jpg','','\0',NULL,'80-:12,80-150:34,300-500:65,500+:23',240,'5000','','\0',1200000,'榆木'),(34,'百灵台','必订','桌','家具','34','乌木色,花梨色','直径80,直径90','3000-5000','designer34','advantages34','products/34/logo.jpg,products/34/aa.jpg,products/34/ff.jpg','','\0',NULL,'80-:12,80-150:34,300-500:65,500+:23',240,'5000','','\0',1200000,'榆木'),(35,'百灵台','必订','桌','家具','35','乌木色,花梨色','直径80,直径90','3000-5000','designer35','advantages35','products/35/logo.jpg,products/35/aa.jpg,products/35/ff.jpg','','\0',NULL,'80-:12,80-150:34,300-500:65,500+:23',240,'5000','','\0',1200000,'榆木'),(36,'百灵台','必订','桌','家具','36','乌木色,花梨色','直径80,直径90','3000-5000','designer36','advantages36','products/36/logo.jpg,products/36/aa.jpg,products/36/ff.jpg','','\0',NULL,'80-:12,80-150:34,300-500:65,500+:23',240,'5000','','\0',1200000,'榆木'),(37,'百灵台','必订','桌','家具','37','乌木色,花梨色','直径80,直径90','3000-5000','designer37','advantages37','products/37/logo.jpg,products/37/aa.jpg,products/37/ff.jpg','','\0',NULL,'80-:12,80-150:34,300-500:65,500+:23',240,'5000','','\0',1200000,'榆木'),(38,'百灵台','必订','桌','家具','38','乌木色,花梨色','直径80,直径90','3000-5000','designer38','advantages38','products/38/logo.jpg,products/38/aa.jpg,products/38/ff.jpg','','\0',NULL,'80-:12,80-150:34,300-500:65,500+:23',240,'5000','','\0',1200000,'榆木'),(39,'百灵台','必订','桌','家具','39','乌木色,花梨色','直径80,直径90','3000-5000','designer39','advantages39','products/39/logo.jpg,products/39/aa.jpg,products/39/ff.jpg','','\0',NULL,'80-:12,80-150:34,300-500:65,500+:23',240,'5000','','\0',1200000,'榆木'),(40,'百灵台','必订','桌','家具','40','乌木色,花梨色','直径80,直径90','3000-5000','designer40','advantages40','products/40/logo.jpg,products/40/aa.jpg,products/40/ff.jpg','','\0',NULL,'80-:12,80-150:34,300-500:65,500+:23',240,'5000','','\0',1200000,'榆木'),(41,'百灵台','普通','桌','家具','41','乌木色,花梨色','直径80,直径90','3000-5000','designer41','advantages41','products/41/logo.jpg,products/41/aa.jpg,products/41/ff.jpg','','\0',NULL,'80-:12,80-150:34,300-500:65,500+:23',240,'5000','','\0',1200000,'榆木'),(42,'百灵台','普通','桌','家具','42','乌木色,花梨色','直径80,直径90','3000-5000','designer42','advantages42','products/42/logo.jpg,products/42/aa.jpg,products/42/ff.jpg','','\0',NULL,'80-:12,80-150:34,300-500:65,500+:23',240,'5000','','\0',1200000,'榆木'),(43,'百灵台','普通','桌','家具','43','乌木色,花梨色','直径80,直径90','3000-5000','designer43','advantages43','products/43/logo.jpg,products/43/aa.jpg,products/43/ff.jpg','','\0',NULL,'80-:12,80-150:34,300-500:65,500+:23',240,'5000','','\0',1200000,'榆木'),(44,'百灵台','普通','桌','家具','44','乌木色,花梨色','直径80,直径90','3000-5000','designer44','advantages44','products/44/logo.jpg,products/44/aa.jpg,products/44/ff.jpg','','\0',NULL,'80-:12,80-150:34,300-500:65,500+:23',240,'5000','','\0',1200000,'榆木'),(45,'百灵台','普通','桌','家具','45','乌木色,花梨色','直径80,直径90','3000-5000','designer45','advantages45','products/45/logo.jpg,products/45/aa.jpg,products/45/ff.jpg','','\0',NULL,'80-:12,80-150:34,300-500:65,500+:23',240,'5000','','\0',1200000,'榆木'),(46,'百灵台','普通','桌','家具','46','乌木色,花梨色','直径80,直径90','3000-5000','designer46','advantages46','products/46/logo.jpg,products/46/aa.jpg,products/46/ff.jpg','','\0',NULL,'80-:12,80-150:34,300-500:65,500+:23',240,'5000','','\0',1200000,'榆木'),(47,'百灵台','普通','桌','家具','47','乌木色,花梨色','直径80,直径90','3000-5000','designer47','advantages47','products/47/logo.jpg,products/47/aa.jpg,products/47/ff.jpg','','\0',NULL,'80-:12,80-150:34,300-500:65,500+:23',240,'5000','','\0',1200000,'榆木'),(48,'百灵台','普通','桌','家具','48','乌木色,花梨色','直径80,直径90','3000-5000','designer48','advantages48','products/48/logo.jpg,products/48/aa.jpg,products/48/ff.jpg','','\0',NULL,'80-:12,80-150:34,300-500:65,500+:23',240,'5000','','\0',1200000,'榆木'),(49,'百灵台','普通','桌','家具','49','乌木色,花梨色','直径80,直径90','3000-5000','designer49','advantages49','products/49/logo.jpg,products/49/aa.jpg,products/49/ff.jpg','','\0',NULL,'80-:12,80-150:34,300-500:65,500+:23',240,'5000','','\0',1200000,'榆木'),(50,'百灵台','普通','桌','家具','50','乌木色,花梨色','直径80,直径90','3000-5000','designer50','advantages50','products/50/logo.jpg,products/50/aa.jpg,products/50/ff.jpg','','\0',NULL,'80-:12,80-150:34,300-500:65,500+:23',240,'5000','','\0',1200000,'榆木'),(51,'百灵台','普通','桌','家具','51','乌木色,花梨色','直径80,直径90','3000-5000','designer51','advantages51','products/51/logo.jpg,products/51/aa.jpg,products/51/ff.jpg','','\0',NULL,'80-:12,80-150:34,300-500:65,500+:23',240,'5000','','\0',1200000,'核桃木'),(52,'百灵台','普通','桌','家具','52','乌木色,花梨色','直径80,直径90','3000-5000','designer52','advantages52','products/52/logo.jpg,products/52/aa.jpg,products/52/ff.jpg','','\0',NULL,'80-:12,80-150:34,300-500:65,500+:23',240,'5000','','\0',1200000,'核桃木'),(53,'百灵台','普通','桌','家具','53','乌木色,花梨色','直径80,直径90','3000-5000','designer53','advantages53','products/53/logo.jpg,products/53/aa.jpg,products/53/ff.jpg','','\0',NULL,'80-:12,80-150:34,300-500:65,500+:23',240,'5000','','\0',1200000,'核桃木'),(54,'百灵台','普通','桌','家具','54','乌木色,花梨色','直径80,直径90','3000-5000','designer54','advantages54','products/54/logo.jpg,products/54/aa.jpg,products/54/ff.jpg','','\0',NULL,'80-:12,80-150:34,300-500:65,500+:23',240,'5000','','\0',1200000,'核桃木'),(55,'百灵台','普通','桌','家具','55','乌木色,花梨色','直径80,直径90','3000-5000','designer55','advantages55','products/55/logo.jpg,products/55/aa.jpg,products/55/ff.jpg','','\0',NULL,'80-:12,80-150:34,300-500:65,500+:23',240,'5000','','\0',1200000,'核桃木'),(56,'百灵台','普通','桌','家具','56','乌木色,花梨色','直径80,直径90','3000-5000','designer56','advantages56','products/56/logo.jpg,products/56/aa.jpg,products/56/ff.jpg','','\0',NULL,'80-:12,80-150:34,300-500:65,500+:23',240,'5000','','\0',1200000,'核桃木'),(57,'百灵台','普通','桌','家具','57','乌木色,花梨色','直径80,直径90','3000-5000','designer57','advantages57','products/57/logo.jpg,products/57/aa.jpg,products/57/ff.jpg','','\0',NULL,'80-:12,80-150:34,300-500:65,500+:23',240,'5000','','\0',1200000,'核桃木'),(58,'百灵台','普通','桌','家具','58','乌木色,花梨色','直径80,直径90','3000-5000','designer58','advantages58','products/58/logo.jpg,products/58/aa.jpg,products/58/ff.jpg','','\0',NULL,'80-:12,80-150:34,300-500:65,500+:23',240,'5000','','\0',1200000,'核桃木'),(59,'百灵台','普通','桌','家具','59','乌木色,花梨色','直径80,直径90','3000-5000','designer59','advantages59','products/59/logo.jpg,products/59/aa.jpg,products/59/ff.jpg','','\0',NULL,'80-:12,80-150:34,300-500:65,500+:23',240,'5000','','\0',1200000,'核桃木'),(60,'百灵台','必订','桌','家具','60','乌木色,花梨色','直径80,直径90','3000-5000','designer60','advantages60','products/60/logo.jpg,products/60/aa.jpg,products/60/ff.jpg','','\0',NULL,'80-:12,80-150:34,300-500:65,500+:23',240,'5000','','\0',1200000,'核桃木'),(61,'百灵台','必订','桌','家具','61','乌木色,花梨色','直径80,直径90','3000-5000','designer61','advantages61','products/61/logo.jpg,products/61/aa.jpg,products/61/ff.jpg','','',NULL,'80-:12,80-150:34,300-500:65,500+:23',240,'5000','','\0',1200000,'核桃木'),(62,'百灵台','必订','桌','家具','62','乌木色,花梨色','直径80,直径90','3000-5000','designer62','advantages62','products/62/logo.jpg,products/62/aa.jpg,products/62/ff.jpg','','\0',NULL,'80-:12,80-150:34,300-500:65,500+:23',240,'5000','','\0',1200000,'核桃木'),(63,'百灵台','必订','桌','家具','63','乌木色,花梨色','直径80,直径90','3000-5000','designer63','advantages63','products/63/logo.jpg,products/63/aa.jpg,products/63/ff.jpg','','\0',NULL,'80-:12,80-150:34,300-500:65,500+:23',240,'5000','','\0',1200000,'核桃木'),(64,'百灵台','必订','桌','家具','64','乌木色,花梨色','直径80,直径90','3000-5000','designer64','advantages64','products/64/logo.jpg,products/64/aa.jpg,products/64/ff.jpg','','\0',NULL,'80-:12,80-150:34,300-500:65,500+:23',240,'5000','','\0',1200000,'核桃木'),(65,'百灵台','必订','桌','家具','65','乌木色,花梨色','直径80,直径90','3000-5000','designer65','advantages65','products/65/logo.jpg,products/65/aa.jpg,products/65/ff.jpg','','\0',NULL,'80-:12,80-150:34,300-500:65,500+:23',240,'5000','','\0',1200000,'核桃木'),(66,'百灵台','必订','桌','家具','66','乌木色,花梨色','直径80,直径90','3000-5000','designer66','advantages66','products/66/logo.jpg,products/66/aa.jpg,products/66/ff.jpg','','\0',NULL,'80-:12,80-150:34,300-500:65,500+:23',240,'5000','','\0',1200000,'核桃木'),(67,'百灵台','必订','桌','家具','67','乌木色,花梨色','直径80,直径90','3000-5000','designer67','advantages67','products/67/logo.jpg,products/67/aa.jpg,products/67/ff.jpg','','\0',NULL,'80-:12,80-150:34,300-500:65,500+:23',240,'5000','','\0',1200000,'核桃木'),(68,'百灵台','必订','桌','家具','68','乌木色,花梨色','直径80,直径90','3000-5000','designer68','advantages68','products/68/logo.jpg,products/68/aa.jpg,products/68/ff.jpg','','\0',NULL,'80-:12,80-150:34,300-500:65,500+:23',240,'5000','','\0',1200000,'核桃木'),(69,'百灵台','必订','桌','家具','69','乌木色,花梨色','直径80,直径90','3000-5000','designer69','advantages69','products/69/logo.jpg,products/69/aa.jpg,products/69/ff.jpg','','\0',NULL,'80-:12,80-150:34,300-500:65,500+:23',240,'5000','','\0',1200000,'核桃木'),(70,'百灵台','必订','桌','家具','70','乌木色,花梨色','直径80,直径90','3000-5000','designer70','advantages70','products/70/logo.jpg,products/70/aa.jpg,products/70/ff.jpg','','\0',NULL,'80-:12,80-150:34,300-500:65,500+:23',240,'5000','','\0',1200000,'核桃木'),(71,'百灵台','必订','桌','家具','71','乌木色,花梨色','直径80,直径90','3000-5000','designer71','advantages71','products/71/logo.jpg,products/71/aa.jpg,products/71/ff.jpg','','\0',NULL,'80-:12,80-150:34,300-500:65,500+:23',240,'5000','','\0',1200000,'核桃木'),(72,'百灵台','必订','桌','家具','72','乌木色,花梨色','直径80,直径90','3000-5000','designer72','advantages72','products/72/logo.jpg,products/72/aa.jpg,products/72/ff.jpg','','\0',NULL,'80-:12,80-150:34,300-500:65,500+:23',240,'5000','','\0',1200000,'核桃木'),(73,'百灵台','必订','桌','家具','73','乌木色,花梨色','直径80,直径90','3000-5000','designer73','advantages73','products/73/logo.jpg,products/73/aa.jpg,products/73/ff.jpg','','\0',NULL,'80-:12,80-150:34,300-500:65,500+:23',240,'5000','','\0',1200000,'核桃木'),(74,'百灵台','必订','桌','家具','74','乌木色,花梨色','直径80,直径90','3000-5000','designer74','advantages74','products/74/logo.jpg,products/74/aa.jpg,products/74/ff.jpg','','\0',NULL,'80-:12,80-150:34,300-500:65,500+:23',240,'5000','','\0',1200000,'核桃木'),(75,'百灵台','必订','桌','家具','75','乌木色,花梨色','直径80,直径90','3000-5000','designer75','advantages75','products/75/logo.jpg,products/75/aa.jpg,products/75/ff.jpg','','\0',NULL,'80-:12,80-150:34,300-500:65,500+:23',240,'5000','','\0',1200000,'核桃木'),(76,'百灵台','必订','桌','家具','76','乌木色,花梨色','直径80,直径90','3000-5000','designer76','advantages76','products/76/logo.jpg,products/76/aa.jpg,products/76/ff.jpg','','\0',NULL,'80-:12,80-150:34,300-500:65,500+:23',240,'5000','','\0',1200000,'核桃木'),(77,'百灵台','必订','桌','家具','77','乌木色,花梨色','直径80,直径90','3000-5000','designer77','advantages77','products/77/logo.jpg,products/77/aa.jpg,products/77/ff.jpg','','\0',NULL,'80-:12,80-150:34,300-500:65,500+:23',240,'5000','','\0',1200000,'核桃木'),(78,'百灵台','必订','桌','家具','78','乌木色,花梨色','直径80,直径90','3000-5000','designer78','advantages78','products/78/logo.jpg,products/78/aa.jpg,products/78/ff.jpg','','\0',NULL,'80-:12,80-150:34,300-500:65,500+:23',240,'5000','','\0',1200000,'核桃木'),(79,'百灵台','必订','桌','家具','79','乌木色,花梨色','直径80,直径90','3000-5000','designer79','advantages79','products/79/logo.jpg,products/79/aa.jpg,products/79/ff.jpg','','\0',NULL,'80-:12,80-150:34,300-500:65,500+:23',240,'5000','','\0',1200000,'核桃木'),(80,'百灵台','必订','桌','家具','80','乌木色,花梨色','直径80,直径90','3000-5000','designer80','advantages80','products/80/logo.jpg,products/80/aa.jpg,products/80/ff.jpg','','\0',NULL,'80-:12,80-150:34,300-500:65,500+:23',240,'5000','','\0',1200000,'核桃木'),(81,'百灵台','必订','桌','家具','81','乌木色,花梨色','直径80,直径90','3000-5000','designer81','advantages81','products/81/logo.jpg,products/81/aa.jpg,products/81/ff.jpg','','\0',NULL,'80-:12,80-150:34,300-500:65,500+:23',240,'5000','','\0',1200000,'核桃木'),(82,'百灵台','必订','桌','家具','82','乌木色,花梨色','直径80,直径90','3000-5000','designer82','advantages82','products/82/logo.jpg,products/82/aa.jpg,products/82/ff.jpg','','\0',NULL,'80-:12,80-150:34,300-500:65,500+:23',240,'5000','','\0',1200000,'核桃木'),(83,'百灵台','必订','桌','家具','83','乌木色,花梨色','直径80,直径90','3000-5000','designer83','advantages83','products/83/logo.jpg,products/83/aa.jpg,products/83/ff.jpg','','\0',NULL,'80-:12,80-150:34,300-500:65,500+:23',240,'5000','','\0',1200000,'核桃木'),(84,'百灵台','必订','桌','家具','84','乌木色,花梨色','直径80,直径90','3000-5000','designer84','advantages84','products/84/logo.jpg,products/84/aa.jpg,products/84/ff.jpg','','\0',NULL,'80-:12,80-150:34,300-500:65,500+:23',240,'5000','','\0',1200000,'核桃木'),(85,'百灵台','必订','桌','家具','85','乌木色,花梨色','直径80,直径90','3000-5000','designer85','advantages85','products/85/logo.jpg,products/85/aa.jpg,products/85/ff.jpg','','\0',NULL,'80-:12,80-150:34,300-500:65,500+:23',240,'5000','','\0',1200000,'核桃木'),(86,'百灵台','必订','桌','家具','86','乌木色,花梨色','直径80,直径90','3000-5000','designer86','advantages86','products/86/logo.jpg,products/86/aa.jpg,products/86/ff.jpg','','\0',NULL,'80-:12,80-150:34,300-500:65,500+:23',240,'5000','','\0',1200000,'核桃木'),(87,'百灵台','必订','桌','家具','87','乌木色,花梨色','直径80,直径90','3000-5000','designer87','advantages87','products/87/logo.jpg,products/87/aa.jpg,products/87/ff.jpg','','\0',NULL,'80-:12,80-150:34,300-500:65,500+:23',240,'5000','','\0',1200000,'核桃木'),(88,'百灵台','必订','桌','家具','88','乌木色,花梨色','直径80,直径90','3000-5000','designer88','advantages88','products/88/logo.jpg,products/88/aa.jpg,products/88/ff.jpg','','\0',NULL,'80-:12,80-150:34,300-500:65,500+:23',240,'5000','','\0',1200000,'核桃木'),(89,'百灵台','必订','桌','家具','89','乌木色,花梨色','直径80,直径90','3000-5000','designer89','advantages89','products/89/logo.jpg,products/89/aa.jpg,products/89/ff.jpg','','\0',NULL,'80-:12,80-150:34,300-500:65,500+:23',240,'5000','','\0',1200000,'核桃木'),(90,'百灵台','必订','桌','家具','90','乌木色,花梨色','直径80,直径90','3000-5000','designer90','advantages90','products/90/logo.jpg,products/90/aa.jpg,products/90/ff.jpg','','\0',NULL,'80-:12,80-150:34,300-500:65,500+:23',240,'5000','','\0',1200000,'核桃木'),(91,'百灵台','必订','桌','家具','91','乌木色,花梨色','直径80,直径90','3000-5000','designer91','advantages91','products/91/logo.jpg,products/91/aa.jpg,products/91/ff.jpg','','\0',NULL,'80-:12,80-150:34,300-500:65,500+:23',NULL,'5000','','\0',NULL,'核桃木'),(92,'百灵台','必订','桌','家具','92','乌木色,花梨色','直径80,直径90','3000-5000','designer92','advantages92','products/92/logo.jpg,products/92/aa.jpg,products/92/ff.jpg','','\0',NULL,'80-:12,80-150:34,300-500:65,500+:23',NULL,'5000','','\0',NULL,'核桃木'),(93,'百灵台','必订','桌','家具','93','乌木色,花梨色','直径80,直径90','3000-5000','designer93','advantages93','products/93/logo.jpg,products/93/aa.jpg,products/93/ff.jpg','','\0',NULL,'80-:12,80-150:34,300-500:65,500+:23',NULL,'5000','','\0',NULL,'核桃木'),(94,'百灵台','必订','桌','家具','94','乌木色,花梨色','直径80,直径90','3000-5000','designer94','advantages94','products/94/logo.jpg,products/94/aa.jpg,products/94/ff.jpg','','\0',NULL,'80-:12,80-150:34,300-500:65,500+:23',NULL,'5000','','\0',NULL,'核桃木'),(95,'百灵台','必订','桌','家具','95','乌木色,花梨色','直径80,直径90','3000-5000','designer95','advantages95','products/95/logo.jpg,products/95/aa.jpg,products/95/ff.jpg','','\0',NULL,'80-:12,80-150:34,300-500:65,500+:23',NULL,'5000','','\0',NULL,'核桃木'),(96,'百灵台','必订','桌','家具','96','乌木色,花梨色','直径80,直径90','3000-5000','designer96','advantages96','products/96/logo.jpg,products/96/aa.jpg,products/96/ff.jpg','','\0',NULL,'80-:12,80-150:34,300-500:65,500+:23',NULL,'5000','','\0',NULL,'核桃木'),(97,'百灵台','必订','桌','家具','97','乌木色,花梨色','直径80,直径90','3000-5000','designer97','advantages97','products/97/logo.jpg,products/97/aa.jpg,products/97/ff.jpg','','\0',NULL,'80-:12,80-150:34,300-500:65,500+:23',NULL,'5000','','\0',NULL,'核桃木'),(98,'百灵台','必订','桌','家具','98','乌木色,花梨色','直径80,直径90','3000-5000','designer98','advantages98','products/98/logo.jpg,products/98/aa.jpg,products/98/ff.jpg','','\0',NULL,'80-:12,80-150:34,300-500:65,500+:23',NULL,'5000','','\0',NULL,'核桃木'),(99,'百灵台','必订','桌','家具','99','乌木色,花梨色','直径80,直径90','3000-5000','designer99','advantages99','products/99/logo.jpg,products/99/aa.jpg,products/99/ff.jpg','','\0',NULL,'80-:12,80-150:34,300-500:65,500+:23',NULL,'5000','','\0',NULL,'核桃木'),(100,'百灵台','必订','桌','家具','100','乌木色,花梨色','直径80,直径90','3000-5000','designer100','advantages100','products/100/logo.jpg,products/100/aa.jpg,products/100/ff.jpg','','\0',NULL,'80-:12,80-150:34,300-500:65,500+:23',NULL,'5000','','\0',NULL,'核桃木'),(101,'百灵台','必订','桌','家具','101','乌木色,花梨色','直径80,直径90','3000-5000','designer101','advantages101','products/101/logo.jpg,products/101/aa.jpg,products/101/ff.jpg','','\0',NULL,'80-:12,80-150:34,300-500:65,500+:23',NULL,'5000','','\0',NULL,'核桃木'),(102,'百灵台','必订','桌','家具','102','乌木色,花梨色','直径80,直径90','3000-5000','designer102','advantages102','products/102/logo.jpg,products/102/aa.jpg,products/102/ff.jpg','','\0',NULL,'80-:12,80-150:34,300-500:65,500+:23',NULL,'5000','','\0',NULL,'核桃木'),(103,'百灵台','必订','桌','家具','103','乌木色,花梨色','直径80,直径90','3000-5000','designer103','advantages103','products/103/logo.jpg,products/103/aa.jpg,products/103/ff.jpg','','\0',NULL,'80-:12,80-150:34,300-500:65,500+:23',NULL,'5000','','\0',NULL,'核桃木'),(104,'百灵台','必订','桌','家具','104','乌木色,花梨色','直径80,直径90','3000-5000','designer104','advantages104','products/104/logo.jpg,products/104/aa.jpg,products/104/ff.jpg','','\0',NULL,'80-:12,80-150:34,300-500:65,500+:23',NULL,'5000','','\0',NULL,'核桃木'),(105,'百灵台','必订','桌','家具','105','乌木色,花梨色','直径80,直径90','3000-5000','designer105','advantages105','products/105/psu.jpg,products/105/ff.jpg,products/105/IMG20131231105851.jpg','','\0',NULL,'80-:12,80-150:34,300-500:65,500+:23',NULL,'5000','','\0',NULL,'核桃木'),(106,'百灵台','必订','桌','家具','106','乌木色,花梨色','直径80,直径90','3000-5000','designer106','advantages106','products/106/aa.jpg,products/106/ff.jpg,products/106/IMG20131231105851.jpg','','\0',NULL,'80-:12,80-150:34,300-500:65,500+:23',NULL,'5000','','\0',NULL,'核桃木'),(107,'百灵台','必订','桌','家具','107','乌木色,花梨色','直径80,直径90','3000-5000','designer107','advantages107','products/107/aa.jpg,products/107/ff.jpg,products/107/IMG20131231105841.jpg','','\0',NULL,'80-:12,80-150:34,300-500:65,500+:23',NULL,'5000','','\0',NULL,'核桃木'),(108,'百灵台','必订','桌','家具','108','乌木色,花梨色','直径80,直径90','3000-5000','designer108','advantages108','products/108/aa.jpg,products/108/ff.jpg,products/108/IMG20131231105851.jpg','','\0',NULL,'80-:12,80-150:34,300-500:65,500+:23',NULL,'5000','','\0',NULL,'核桃木'),(109,'百灵台','必订','桌','家具','109','乌木色,花梨色','直径80,直径90','3000-5000','designer109','advantages109','products/109/aa.jpg,products/109/IMG20131231105654.jpg,products/109/IMG20131231105948.jpg','','\0',NULL,'80-:12,80-150:34,300-500:65,500+:23',NULL,'5000','','\0',NULL,'核桃木'),(110,'百灵台','必订','桌','家具','110','乌木色,花梨色','直径80,直径90','3000-5000','designer110','advantages110','products/110/IMG20131231105948.jpg,products/110/IMG20131231105841.jpg,products/110/IMG20131231105904.jpg','','\0',NULL,'80-:12,80-150:34,300-500:65,500+:23',NULL,'5000','','\0',NULL,'核桃木'),(111,'百灵台111','必订','桌','家具','111','乌木色,花梨色','直径80,直径90','3000-5000','designer111','advantages111','products/111/aa.jpg,products/111/IMG20131231105828.jpg,products/111/ff.jpg','','\0',NULL,'80-:12,80-150:34,300-500:65,500+:23',NULL,'5000','','\0',NULL,'核桃木'),(112,'百灵台112','必订','桌','家具','112','乌木色,花梨色','直径80,直径90','3000-5000','designer112','advantages112','products/112/aa.jpg,products/112/IMG20131231105828.jpg,products/112/ff.jpg','','\0',NULL,'80-:12,80-150:34,300-500:65,500+:23',NULL,'5000','','',NULL,'核桃木');
/*!40000 ALTER TABLE `products` ENABLE KEYS */;
UNLOCK TABLES;

--
-- Table structure for table `progress`
--

DROP TABLE IF EXISTS `progress`;
/*!40101 SET @saved_cs_client     = @@character_set_client */;
/*!40101 SET character_set_client = utf8 */;
CREATE TABLE `progress` (
  `Id` int(11) NOT NULL AUTO_INCREMENT COMMENT '编号',
  `ProgressMessage` varchar(100) NOT NULL COMMENT '进程提示信息',
  `IsOn` bit(1) NOT NULL COMMENT '是否是正在进行的进程',
  `ShowProductId` int(11) DEFAULT NULL,
  PRIMARY KEY (`Id`),
  KEY `IDX_progress_ShowProductId` (`ShowProductId`),
  CONSTRAINT `FRK_progress_ShowProductId` FOREIGN KEY (`ShowProductId`) REFERENCES `products` (`Id`) ON DELETE NO ACTION ON UPDATE NO ACTION
) ENGINE=InnoDB AUTO_INCREMENT=7 DEFAULT CHARSET=utf8 COMMENT='移动端进程';
/*!40101 SET character_set_client = @saved_cs_client */;

--
-- Dumping data for table `progress`
--

LOCK TABLES `progress` WRITE;
/*!40000 ALTER TABLE `progress` DISABLE KEYS */;
INSERT INTO `progress` VALUES (5,'现在show产品百灵台','',112);
/*!40000 ALTER TABLE `progress` ENABLE KEYS */;
UNLOCK TABLES;

--
-- Table structure for table `showing_product`
--

DROP TABLE IF EXISTS `showing_product`;
/*!40101 SET @saved_cs_client     = @@character_set_client */;
/*!40101 SET character_set_client = utf8 */;
CREATE TABLE `showing_product` (
  `Id` int(11) NOT NULL COMMENT '编号',
  `ProductName` varchar(20) NOT NULL COMMENT '商品名称',
  `ProductStyle` varchar(10) NOT NULL COMMENT '款别 取值有：必定款，推广款，普通款',
  `ProductClass` varchar(10) NOT NULL COMMENT '类别 取值有：床，桌，椅等',
  `ProductSerial` varchar(10) NOT NULL COMMENT '系列 取值有：办公，家具，装饰，收藏',
  `color` varchar(10) NOT NULL COMMENT '颜色',
  `size` varchar(10) NOT NULL COMMENT '尺寸',
  `StyleCode` varchar(20) DEFAULT NULL COMMENT '款号',
  `ProductCode` varchar(20) NOT NULL COMMENT '货号',
  `PriceZone` varchar(20) DEFAULT NULL COMMENT '价格带',
  `Designer` varchar(20) DEFAULT NULL COMMENT '设计师',
  `Advantages` varchar(100) DEFAULT NULL COMMENT '卖点',
  `Pictures` varchar(500) NOT NULL COMMENT '商品首图 取值为：每个商品的单独的图片位置/default，首图名为default',
  `MatchIds` varchar(50) DEFAULT NULL COMMENT '搭配编号',
  `Deleted` bit(1) DEFAULT NULL COMMENT '是否删除款',
  `OrderRank` int(11) DEFAULT NULL COMMENT '订货件数排名 只需标注前十名',
  `MinOrder` varchar(100) DEFAULT NULL COMMENT '起订量 买家下单件数少于起订量，不允许提交订单,取值有：{-80：2,80-150:4,150-300:8,300-500:16，500+：32}',
  `OrderNumber` int(11) DEFAULT NULL COMMENT '已订件数',
  `Price` varchar(4000) NOT NULL COMMENT '价格',
  `OrderAmount` int(11) DEFAULT NULL,
  `IsShowing` bit(1) DEFAULT NULL,
  PRIMARY KEY (`Id`)
) ENGINE=InnoDB DEFAULT CHARSET=utf8 COMMENT='正在show的商品 只有一个记录，字段同商品表';
/*!40101 SET character_set_client = @saved_cs_client */;

--
-- Dumping data for table `showing_product`
--

LOCK TABLES `showing_product` WRITE;
/*!40000 ALTER TABLE `showing_product` DISABLE KEYS */;
INSERT INTO `showing_product` VALUES (2,'百灵台2','推广','桌','家具','乌木色,花梨色','直径80,直径90','456','2','3000-5000','tom','abc','products/2/logo.jpg,products/2/aa.jpg,products/2/ff.jpg','1,3','\0',1,'80-:2,80-150:4,150-300:8,300-500:16,500+:32',10000,'5000',NULL,NULL);
/*!40000 ALTER TABLE `showing_product` ENABLE KEYS */;
UNLOCK TABLES;

--
-- Table structure for table `user_info`
--

DROP TABLE IF EXISTS `user_info`;
/*!40101 SET @saved_cs_client     = @@character_set_client */;
/*!40101 SET character_set_client = utf8 */;
CREATE TABLE `user_info` (
  `Id` int(11) NOT NULL AUTO_INCREMENT COMMENT '编号',
  `Name` varchar(20) NOT NULL COMMENT '名称',
  `LoginUserName` varchar(20) NOT NULL COMMENT '登陆用户名',
  `Password` varchar(20) NOT NULL COMMENT '登陆密码',
  `Authority` varchar(10) NOT NULL COMMENT '权限 取值有：admin（后台管理），总经理（查看订货情况），总代（查看，指引订货），店仓（订货）',
  `AreaId` int(11) DEFAULT NULL COMMENT '所属区域Id AreaId指向本表的另一个Id，比如：浙江总代的所属区域是东部大区，杭州店仓的所属区域是浙江总代，其它的所属区域为空',
  `OrderAmount` int(11) DEFAULT NULL COMMENT '订货金额 由后台程序把customerid_orders表里的订货金额合计，赋值给此字段',
  `OrderStyleNumber` int(11) DEFAULT NULL COMMENT '所订货品的款数 也即customerid_orders里的记录行数',
  `OrderProductNumber` int(11) DEFAULT NULL COMMENT '所订货品的件数 也customerid_orders表里ProductNumber字段值的总和',
  `SizeLevel` varchar(100) DEFAULT NULL COMMENT '店仓的店面面积级别 取之有：80平米以下，80-150平米，150-300平米，300-500平米，500+平米',
  `OrderGuideId` varchar(10) DEFAULT NULL COMMENT '订货预算Id',
  `CollectionSet` varchar(500) DEFAULT NULL,
  `SameAs` varchar(45) DEFAULT NULL,
  `SerialOrderBudget` varchar(45) DEFAULT NULL,
  `TypeOrderBudget` varchar(50) DEFAULT NULL COMMENT '品类的订货预算 买家可修改，取值有："办公：10%，家具：80%，装饰：5%，收藏：5%"',
  `BudgetAmount` int(11) DEFAULT NULL COMMENT '预算总金额',
  `ClassOrderBudget` varchar(45) DEFAULT NULL,
  `MinOrderAmount` int(11) DEFAULT NULL,
  `MucaiOrderBudget` varchar(50) NOT NULL,
  PRIMARY KEY (`Id`),
  UNIQUE KEY `LoginUserName_UNIQUE` (`LoginUserName`),
  KEY `IDX_user_info_AreaId` (`AreaId`),
  KEY `IDX_user_info_BudgetId` (`OrderGuideId`),
  CONSTRAINT `AREAID` FOREIGN KEY (`AreaId`) REFERENCES `user_info` (`Id`) ON DELETE NO ACTION ON UPDATE NO ACTION
) ENGINE=InnoDB AUTO_INCREMENT=9 DEFAULT CHARSET=utf8 COMMENT='用户信息表 系统所有用户信息表，admin，厂长，大区经理，总代，店仓';
/*!40101 SET character_set_client = @saved_cs_client */;

--
-- Dumping data for table `user_info`
--

LOCK TABLES `user_info` WRITE;
/*!40000 ALTER TABLE `user_info` DISABLE KEYS */;
INSERT INTO `user_info` VALUES (1,'浙江总代','zj','zj','zongdai',NULL,450000,1,90,NULL,'1','',NULL,'办公:10%,家具:10%,收藏:70%,装饰:10%','必订:10%,推广:10%,普通:80%',50000,'桌:10%,床:10%,柜:80%',50000,'核桃木:10%,橡木:10%,榆木:80%'),(2,'杭州店仓','hz','hz','diancang',1,1920000,87,384,'300-500','1','5,6,7,8,9',NULL,'办公:10%,家具:10%,收藏:70%,装饰:10%','必订:10%,推广:10%,普通:80%',20000,'桌:10%,床:10%,柜:80%',20000,'核桃木:10%,橡木:10%,榆木:80%'),(3,'温州店仓','wz','wz','diancang',1,450000,1,90,'150-300','1','1,2,3',NULL,'办公:10%,家具:10%,收藏:70%,装饰:10%','必订:10%,推广:10%,普通:80%',10000,'桌:10%,床:10%,柜:80%',10000,'核桃木:10%,橡木:10%,榆木:80%'),(4,'台州店仓','tz','tz','diancang',1,450000,2,90,'80-150','1','1,2,3',NULL,'办公:10%,家具:10%,收藏:70%,装饰:10%','必订:10%,推广:10%,普通:80%',10000,'桌:10%,床:10%,柜:80%',10000,'核桃木:10%,橡木:10%,榆木:80%'),(5,'宁波店仓','nb','nb','diancang',1,450000,1,90,'80-','1',NULL,NULL,'办公:10%,家具:10%,收藏:70%,装饰:10%','必订:10%,推广:10%,普通:80%',10000,'桌:10%,床:10%,柜:80%',10000,'核桃木:10%,橡木:10%,榆木:80%'),(6,'李总经理','lz','lz','zongjingli',NULL,450000,1,90,'',NULL,NULL,NULL,'办公:10%,家具:10%,收藏:70%,装饰:10%','必订:10%,推广:10%,普通:80%',8000000,'桌:10%,床:10%,柜:80%',NULL,'核桃木:10%,橡木:10%,榆木:80%'),(7,'北京总代','bj','bj','zongdai',NULL,450000,1,90,NULL,'2','',NULL,'办公:10%,家具:10%,收藏:70%,装饰:10%','必订:10%,推广:10%,普通:80%',20000,'桌:10%,床:10%,柜:80%',20000,'核桃木:10%,橡木:10%,榆木:80%'),(8,'海淀店仓','hd','hd','diancang',7,450000,1,90,'500','2','',NULL,'办公:10%,家具:10%,收藏:70%,装饰:10%','必订:10%,推广:10%,普通:80%',20000,'桌:10%,床:10%,柜:80%',20000,'核桃木:10%,橡木:10%,榆木:80%');
/*!40000 ALTER TABLE `user_info` ENABLE KEYS */;
UNLOCK TABLES;

--
-- Dumping routines for database 'yidingbao'
--
/*!50003 DROP PROCEDURE IF EXISTS `looppc` */;
/*!50003 SET @saved_cs_client      = @@character_set_client */ ;
/*!50003 SET @saved_cs_results     = @@character_set_results */ ;
/*!50003 SET @saved_col_connection = @@collation_connection */ ;
/*!50003 SET character_set_client  = utf8 */ ;
/*!50003 SET character_set_results = utf8 */ ;
/*!50003 SET collation_connection  = utf8_general_ci */ ;
/*!50003 SET @saved_sql_mode       = @@sql_mode */ ;
/*!50003 SET sql_mode              = 'STRICT_TRANS_TABLES,NO_AUTO_CREATE_USER,NO_ENGINE_SUBSTITUTION' */ ;
DELIMITER ;;
/*!50003 CREATE*/ /*!50020 DEFINER=`root`@`localhost`*/ /*!50003 PROCEDURE `looppc`()
begin 
declare i int;
set i = 1;
repeat 
select @productname:=productname,@productcode:=productcode,@productstyle:=productstyle,@productserial:=productserial,@productclass:=productclass from products where id=i;
update all_orders set ProductName=@productname,ProductCode=@productcode,ProductStyle=@productstyle,ProductSerial=@productserial,ProductClass=@productclass where ProductId=i;   
 set i = i + 1;
until i >= 113

end repeat;


end */;;
DELIMITER ;
/*!50003 SET sql_mode              = @saved_sql_mode */ ;
/*!50003 SET character_set_client  = @saved_cs_client */ ;
/*!50003 SET character_set_results = @saved_cs_results */ ;
/*!50003 SET collation_connection  = @saved_col_connection */ ;
/*!50003 DROP PROCEDURE IF EXISTS `new_procedure` */;
/*!50003 SET @saved_cs_client      = @@character_set_client */ ;
/*!50003 SET @saved_cs_results     = @@character_set_results */ ;
/*!50003 SET @saved_col_connection = @@collation_connection */ ;
/*!50003 SET character_set_client  = utf8 */ ;
/*!50003 SET character_set_results = utf8 */ ;
/*!50003 SET collation_connection  = utf8_general_ci */ ;
/*!50003 SET @saved_sql_mode       = @@sql_mode */ ;
/*!50003 SET sql_mode              = 'STRICT_TRANS_TABLES,NO_AUTO_CREATE_USER,NO_ENGINE_SUBSTITUTION' */ ;
DELIMITER ;;
/*!50003 CREATE*/ /*!50020 DEFINER=`root`@`localhost`*/ /*!50003 PROCEDURE `new_procedure`()
BEGIN
declare i int;
set i=12;
repeat
insert into all_order 
	(CustomerId, ProductId, ProductCode, ProductStyle, ProductClass,ProductSerial, ProductName, ProductPrice,UserOrderNumber,UserOrderAmount, UserOrderDetails)
	 Values (2, i, i, (select productstyle from product where id=i), (select ProductClass from product where id=i),(select ProductSerial from product where id=i),(select ProductName from product where id=i), (select Price from product where id=i),60,300000, '花梨色,直径80:40||花梨色,直径90:20') on duplicate key update 
	UserOrderNumber=60, UserOrderAmount=300000, UserOrderDetails='花梨色,直径80:40||花梨色,直径90:20';
insert into all_order 
	(CustomerId, ProductId, ProductCode, ProductStyle, ProductClass,ProductSerial, ProductName, ProductPrice,UserOrderNumber,UserOrderAmount, UserOrderDetails)
	 Values (3, i, i, (select productstyle from product where id=i), (select ProductClass from product where id=i),(select ProductSerial from product where id=i),(select ProductName from product where id=i), (select Price from product where id=i),60,300000, '花梨色,直径80:40||花梨色,直径90:20') on duplicate key update 
	UserOrderNumber=60, UserOrderAmount=300000, UserOrderDetails='花梨色,直径80:40||花梨色,直径90:20';
insert into all_order 
	(CustomerId, ProductId, ProductCode, ProductStyle, ProductClass,ProductSerial, ProductName, ProductPrice,UserOrderNumber,UserOrderAmount, UserOrderDetails)
	 Values (4, i, i, (select productstyle from product where id=i), (select ProductClass from product where id=i),(select ProductSerial from product where id=i),(select ProductName from product where id=i), (select Price from product where id=i),60,300000, '花梨色,直径80:40||花梨色,直径90:20') on duplicate key update 
	UserOrderNumber=60, UserOrderAmount=300000, UserOrderDetails='花梨色,直径80:40||花梨色,直径90:20';
insert into all_order 
	(CustomerId, ProductId, ProductCode, ProductStyle, ProductClass,ProductSerial, ProductName, ProductPrice,UserOrderNumber,UserOrderAmount, UserOrderDetails)
	 Values (5, i, i, (select productstyle from product where id=i), (select ProductClass from product where id=i),(select ProductSerial from product where id=i),(select ProductName from product where id=i), (select Price from product where id=i),60,300000, '花梨色,直径80:40||花梨色,直径90:20') on duplicate key update 
	UserOrderNumber=60, UserOrderAmount=300000, UserOrderDetails='花梨色,直径80:40||花梨色,直径90:20';
insert into all_order 
	(CustomerId, ProductId, ProductCode, ProductStyle, ProductClass,ProductSerial, ProductName, ProductPrice,UserOrderNumber,UserOrderAmount, UserOrderDetails)
	 Values (8, i, i, (select productstyle from product where id=i), (select ProductClass from product where id=i),(select ProductSerial from product where id=i),(select ProductName from product where id=i), (select Price from product where id=i),60,300000, '花梨色,直径80:40||花梨色,直径90:20') on duplicate key update 
	UserOrderNumber=60, UserOrderAmount=300000, UserOrderDetails='花梨色,直径80:40||花梨色,直径90:20';
   set i = i + 1;
update product set ordernumber=(select sum(userordernumber) from all_order where productid=i),orderamount=(select sum(userorderamount) from all_order where productid=i) where id=i;
until i >= 91
end repeat;
update user_info set orderstylenumber=(select count(*) from all_order where CustomerId=2), orderproductnumber=(select sum(userordernumber) from all_order where CustomerId=2), orderamount=(select sum(UserOrderAmount) from all_order where CustomerId=2) where id=2;
update user_info set orderstylenumber=(select count(*) from all_order where CustomerId=3), orderproductnumber=(select sum(userordernumber) from all_order where CustomerId=3), orderamount=(select sum(UserOrderAmount) from all_order where CustomerId=3) where id=3;
update user_info set orderstylenumber=(select count(*) from all_order where CustomerId=4), orderproductnumber=(select sum(userordernumber) from all_order where CustomerId=4), orderamount=(select sum(UserOrderAmount) from all_order where CustomerId=4) where id=4;
update user_info set orderstylenumber=(select count(*) from all_order where CustomerId=5), orderproductnumber=(select sum(userordernumber) from all_order where CustomerId=5), orderamount=(select sum(UserOrderAmount) from all_order where CustomerId=5) where id=5;
update user_info set orderstylenumber=(select count(*) from all_order where CustomerId=8), orderproductnumber=(select sum(userordernumber) from all_order where CustomerId=8), orderamount=(select sum(UserOrderAmount) from all_order where CustomerId=8) where id=8;
END */;;
DELIMITER ;
/*!50003 SET sql_mode              = @saved_sql_mode */ ;
/*!50003 SET character_set_client  = @saved_cs_client */ ;
/*!50003 SET character_set_results = @saved_cs_results */ ;
/*!50003 SET collation_connection  = @saved_col_connection */ ;
/*!50003 DROP PROCEDURE IF EXISTS `update_zongdai_budget_procedure` */;
/*!50003 SET @saved_cs_client      = @@character_set_client */ ;
/*!50003 SET @saved_cs_results     = @@character_set_results */ ;
/*!50003 SET @saved_col_connection = @@collation_connection */ ;
/*!50003 SET character_set_client  = utf8 */ ;
/*!50003 SET character_set_results = utf8 */ ;
/*!50003 SET collation_connection  = utf8_general_ci */ ;
/*!50003 SET @saved_sql_mode       = @@sql_mode */ ;
/*!50003 SET sql_mode              = 'STRICT_TRANS_TABLES,NO_AUTO_CREATE_USER,NO_ENGINE_SUBSTITUTION' */ ;
DELIMITER ;;
/*!50003 CREATE*/ /*!50020 DEFINER=`root`@`localhost`*/ /*!50003 PROCEDURE `update_zongdai_budget_procedure`(IN diancangId VARCHAR(5))
BEGIN
	set @zongdaiId=(select areaId from user_info where id=diancangId);
	set @zongdaiBudgetAmount=(select sum(BudgetAmount) from user_info where areaid=@zongdaiId);
	update user_info set BudgetAmount=@zongdaiBudgetAmount where id=@zongdaiId;
END */;;
DELIMITER ;
/*!50003 SET sql_mode              = @saved_sql_mode */ ;
/*!50003 SET character_set_client  = @saved_cs_client */ ;
/*!50003 SET character_set_results = @saved_cs_results */ ;
/*!50003 SET collation_connection  = @saved_col_connection */ ;
/*!40103 SET TIME_ZONE=@OLD_TIME_ZONE */;

/*!40101 SET SQL_MODE=@OLD_SQL_MODE */;
/*!40014 SET FOREIGN_KEY_CHECKS=@OLD_FOREIGN_KEY_CHECKS */;
/*!40014 SET UNIQUE_CHECKS=@OLD_UNIQUE_CHECKS */;
/*!40101 SET CHARACTER_SET_CLIENT=@OLD_CHARACTER_SET_CLIENT */;
/*!40101 SET CHARACTER_SET_RESULTS=@OLD_CHARACTER_SET_RESULTS */;
/*!40101 SET COLLATION_CONNECTION=@OLD_COLLATION_CONNECTION */;
/*!40111 SET SQL_NOTES=@OLD_SQL_NOTES */;

-- Dump completed on 2014-03-22 13:07:51
